waktu_id,tahun,kab_id,kabupaten_kota,provinsi,luas_lahan,dif_luas_lahan,ndvi,korelasi,status_deforestasi
56,2020,1101,Simeulue,Aceh,7.41,,0.7016959644271956,0.2976651993281735,Tidak Deforestasi
57,2021,1101,Simeulue,Aceh,7.2,-0.20999999999999996,0.7151252760916857,0.2976651993281735,Tidak Deforestasi
58,2022,1101,Simeulue,Aceh,6.83,-0.3700000000000001,0.7053426865969582,0.2976651993281735,Tidak Deforestasi
59,2023,1101,Simeulue,Aceh,7.22,0.3899999999999997,0.6858709743238496,0.2976651993281735,Tidak Deforestasi
60,2024,1101,Simeulue,Aceh,7.47,0.25,0.7277090928702317,0.2976651993281735,Tidak Deforestasi
56,2020,1102,Aceh Singkil,Aceh,43.52,,0.7536150869249649,0.9620023216242909,Tidak Deforestasi
57,2021,1102,Aceh Singkil,Aceh,43.34,-0.17999999999999972,0.763618639902233,0.9620023216242909,Tidak Deforestasi
58,2022,1102,Aceh Singkil,Aceh,42.79,-0.5500000000000043,0.7420506324103214,0.9620023216242909,Tidak Deforestasi
59,2023,1102,Aceh Singkil,Aceh,41.04,-1.75,0.7114472282785892,0.9620023216242909,Tidak Deforestasi
60,2024,1102,Aceh Singkil,Aceh,42.45,1.4100000000000037,0.7422174482399521,0.9620023216242909,Tidak Deforestasi
56,2020,1103,Aceh Selatan,Aceh,23.95,,0.796790795367213,0.007695882758834101,Tidak Deforestasi
57,2021,1103,Aceh Selatan,Aceh,23.61,-0.33999999999999986,0.8141891405415178,0.007695882758834101,Tidak Deforestasi
58,2022,1103,Aceh Selatan,Aceh,24.29,0.6799999999999997,0.7491703131146148,0.007695882758834101,Tidak Deforestasi
59,2023,1103,Aceh Selatan,Aceh,23.77,-0.5199999999999996,0.7621953386958278,0.007695882758834101,Tidak Deforestasi
60,2024,1103,Aceh Selatan,Aceh,25.23,1.4600000000000009,0.7988293943928407,0.007695882758834101,Tidak Deforestasi
56,2020,1104,Aceh Tenggara,Aceh,33.74,,0.7393032813504958,0.1401733828889484,Tidak Deforestasi
57,2021,1104,Aceh Tenggara,Aceh,33.33,-0.4100000000000037,0.748325426109719,0.1401733828889484,Tidak Deforestasi
58,2022,1104,Aceh Tenggara,Aceh,33.2,-0.12999999999999545,0.6830402770743903,0.1401733828889484,Tidak Deforestasi
59,2023,1104,Aceh Tenggara,Aceh,32.35,-0.8500000000000014,0.7236690229214235,0.1401733828889484,Tidak Deforestasi
60,2024,1104,Aceh Tenggara,Aceh,33.05,0.6999999999999957,0.7604804888135998,0.1401733828889484,Tidak Deforestasi
56,2020,1105,Aceh Timur,Aceh,42.16,,0.7043244074142547,0.8135896627537484,Tidak Deforestasi
57,2021,1105,Aceh Timur,Aceh,40.8,-1.3599999999999994,0.6847559813597166,0.8135896627537484,Tidak Deforestasi
58,2022,1105,Aceh Timur,Aceh,40.68,-0.11999999999999744,0.6819282832633693,0.8135896627537484,Tidak Deforestasi
59,2023,1105,Aceh Timur,Aceh,42.13,1.4500000000000028,0.684549211569686,0.8135896627537484,Tidak Deforestasi
60,2024,1105,Aceh Timur,Aceh,42.89,0.759999999999998,0.7298130778101083,0.8135896627537484,Tidak Deforestasi
56,2020,1106,Aceh Tengah,Aceh,14.44,,0.715270185170519,0.6737471845687695,Tidak Deforestasi
57,2021,1106,Aceh Tengah,Aceh,14.01,-0.4299999999999997,0.7220864427086533,0.6737471845687695,Tidak Deforestasi
58,2022,1106,Aceh Tengah,Aceh,13.98,-0.02999999999999936,0.7000526497011494,0.6737471845687695,Tidak Deforestasi
59,2023,1106,Aceh Tengah,Aceh,14.83,0.8499999999999996,0.7042857283692412,0.6737471845687695,Tidak Deforestasi
60,2024,1106,Aceh Tengah,Aceh,15.37,0.5399999999999991,0.7521023035508738,0.6737471845687695,Tidak Deforestasi
56,2020,1107,Aceh Barat,Aceh,29.08,,0.7893387855689383,-0.7888395659081675,Terindikasi Deforestasi
57,2021,1107,Aceh Barat,Aceh,27.97,-1.1099999999999994,0.7993723622442572,-0.7888395659081675,Terindikasi Deforestasi
58,2022,1107,Aceh Barat,Aceh,29.29,1.3200000000000003,0.7699502070797961,-0.7888395659081675,Terindikasi Deforestasi
59,2023,1107,Aceh Barat,Aceh,28.76,-0.5299999999999976,0.7818876245109622,-0.7888395659081675,Terindikasi Deforestasi
60,2024,1107,Aceh Barat,Aceh,28.89,0.129999999999999,0.7902779801181616,-0.7888395659081675,Terindikasi Deforestasi
56,2020,1108,Aceh Besar,Aceh,15.08,,0.7055925841021831,0.3824787807311149,Tidak Deforestasi
57,2021,1108,Aceh Besar,Aceh,14.98,-0.09999999999999964,0.7190488791202085,0.3824787807311149,Tidak Deforestasi
58,2022,1108,Aceh Besar,Aceh,13.67,-1.3100000000000005,0.7117322643147863,0.3824787807311149,Tidak Deforestasi
59,2023,1108,Aceh Besar,Aceh,14.08,0.41000000000000014,0.7098458439138081,0.3824787807311149,Tidak Deforestasi
60,2024,1108,Aceh Besar,Aceh,15.01,0.9299999999999997,0.7424138426037006,0.3824787807311149,Tidak Deforestasi
56,2020,1109,Pidie,Aceh,20.72,,0.7289513214199762,0.22394168242778234,Tidak Deforestasi
57,2021,1109,Pidie,Aceh,20.3,-0.41999999999999815,0.7382260936814535,0.22394168242778234,Tidak Deforestasi
58,2022,1109,Pidie,Aceh,18.95,-1.3500000000000014,0.7211588791503217,0.22394168242778234,Tidak Deforestasi
59,2023,1109,Pidie,Aceh,19.42,0.4700000000000024,0.7280340658674334,0.22394168242778234,Tidak Deforestasi
60,2024,1109,Pidie,Aceh,19.83,0.4099999999999966,0.7661936399327562,0.22394168242778234,Tidak Deforestasi
56,2020,1110,Bireuen,Aceh,21.33,,0.7034959687819604,0.1675741309990479,Tidak Deforestasi
57,2021,1110,Bireuen,Aceh,21.24,-0.08999999999999986,0.7347656441383279,0.1675741309990479,Tidak Deforestasi
58,2022,1110,Bireuen,Aceh,21.93,0.6900000000000013,0.6949283261676114,0.1675741309990479,Tidak Deforestasi
59,2023,1110,Bireuen,Aceh,21.41,-0.5199999999999996,0.7181263047406855,0.1675741309990479,Tidak Deforestasi
60,2024,1110,Bireuen,Aceh,22.21,0.8000000000000007,0.7437281151137072,0.1675741309990479,Tidak Deforestasi
56,2020,1111,Aceh Utara,Aceh,34.44,,0.681994740906491,-0.7953728458862137,Terindikasi Deforestasi
57,2021,1111,Aceh Utara,Aceh,34.03,-0.4099999999999966,0.6918072955064882,-0.7953728458862137,Terindikasi Deforestasi
58,2022,1111,Aceh Utara,Aceh,34.54,0.509999999999998,0.6542427915688217,-0.7953728458862137,Terindikasi Deforestasi
59,2023,1111,Aceh Utara,Aceh,33.97,-0.5700000000000003,0.6868608458001089,-0.7953728458862137,Terindikasi Deforestasi
60,2024,1111,Aceh Utara,Aceh,32.48,-1.490000000000002,0.7057723422117388,-0.7953728458862137,Terindikasi Deforestasi
56,2020,1112,Aceh Barat Daya,Aceh,32.03,,0.766820671004407,0.7205007220344752,Tidak Deforestasi
57,2021,1112,Aceh Barat Daya,Aceh,31.28,-0.75,0.7998382094378772,0.7205007220344752,Tidak Deforestasi
58,2022,1112,Aceh Barat Daya,Aceh,30.77,-0.5100000000000016,0.7394385455493733,0.7205007220344752,Tidak Deforestasi
59,2023,1112,Aceh Barat Daya,Aceh,30.58,-0.19000000000000128,0.7627477813159526,0.7205007220344752,Tidak Deforestasi
60,2024,1112,Aceh Barat Daya,Aceh,33.08,2.5,0.8139017886477323,0.7205007220344752,Tidak Deforestasi
56,2020,1113,Gayo Lues,Aceh,16.35,,0.7338055866536881,-0.2639155599323388,Terindikasi Deforestasi
57,2021,1113,Gayo Lues,Aceh,16.28,-0.07000000000000028,0.735909039100999,-0.2639155599323388,Terindikasi Deforestasi
58,2022,1113,Gayo Lues,Aceh,16.77,0.48999999999999844,0.6928523152398198,-0.2639155599323388,Terindikasi Deforestasi
59,2023,1113,Gayo Lues,Aceh,15.94,-0.8300000000000001,0.7225259802975827,-0.2639155599323388,Terindikasi Deforestasi
60,2024,1113,Gayo Lues,Aceh,16.45,0.5099999999999998,0.7710574355607128,-0.2639155599323388,Terindikasi Deforestasi
56,2020,1114,Aceh Tamiang,Aceh,48.25,,0.6977349611624598,0.1838670956808497,Tidak Deforestasi
57,2021,1114,Aceh Tamiang,Aceh,47.71,-0.5399999999999991,0.6726890323555208,0.1838670956808497,Tidak Deforestasi
58,2022,1114,Aceh Tamiang,Aceh,43.78,-3.9299999999999997,0.6714494332490913,0.1838670956808497,Tidak Deforestasi
59,2023,1114,Aceh Tamiang,Aceh,46.58,2.799999999999997,0.6897994354365519,0.1838670956808497,Tidak Deforestasi
60,2024,1114,Aceh Tamiang,Aceh,45.12,-1.4600000000000009,0.7045106244488021,0.1838670956808497,Tidak Deforestasi
56,2020,1115,Nagan Raya,Aceh,38.9,,0.7667250135181494,0.21857342736150162,Tidak Deforestasi
57,2021,1115,Nagan Raya,Aceh,37.77,-1.1299999999999955,0.7868144248619338,0.21857342736150162,Tidak Deforestasi
58,2022,1115,Nagan Raya,Aceh,38.07,0.29999999999999716,0.7577402469758778,0.21857342736150162,Tidak Deforestasi
59,2023,1115,Nagan Raya,Aceh,36.63,-1.4399999999999977,0.7762660454886211,0.21857342736150162,Tidak Deforestasi
60,2024,1115,Nagan Raya,Aceh,39.21,2.5799999999999983,0.7988340299472336,0.21857342736150162,Tidak Deforestasi
56,2020,1116,Aceh Jaya,Aceh,18.84,,0.8059053640099322,-0.17137818872040614,Terindikasi Deforestasi
57,2021,1116,Aceh Jaya,Aceh,18.37,-0.46999999999999886,0.8106834377389245,-0.17137818872040614,Terindikasi Deforestasi
58,2022,1116,Aceh Jaya,Aceh,19.94,1.5700000000000003,0.789444514963027,-0.17137818872040614,Terindikasi Deforestasi
59,2023,1116,Aceh Jaya,Aceh,18.5,-1.4400000000000013,0.8053463929684155,-0.17137818872040614,Terindikasi Deforestasi
60,2024,1116,Aceh Jaya,Aceh,19.56,1.0599999999999987,0.8276913199486828,-0.17137818872040614,Terindikasi Deforestasi
56,2020,1117,Bener Meriah,Aceh,9.43,,0.7126508528106559,-0.04882224649341142,Terindikasi Deforestasi
57,2021,1117,Bener Meriah,Aceh,9.32,-0.10999999999999943,0.719914043803592,-0.04882224649341142,Terindikasi Deforestasi
58,2022,1117,Bener Meriah,Aceh,9.63,0.3100000000000005,0.6989649560262808,-0.04882224649341142,Terindikasi Deforestasi
59,2023,1117,Bener Meriah,Aceh,9.9,0.2699999999999996,0.7056756261740916,-0.04882224649341142,Terindikasi Deforestasi
60,2024,1117,Bener Meriah,Aceh,9.67,-0.23000000000000043,0.7582643713933357,-0.04882224649341142,Terindikasi Deforestasi
56,2020,1118,Pidie Jaya,Aceh,15.28,,0.6820990754149229,-0.20085518601492566,Terindikasi Deforestasi
57,2021,1118,Pidie Jaya,Aceh,14.87,-0.41000000000000014,0.7191044650840669,-0.20085518601492566,Terindikasi Deforestasi
58,2022,1118,Pidie Jaya,Aceh,14.7,-0.16999999999999993,0.6888387850045807,-0.20085518601492566,Terindikasi Deforestasi
59,2023,1118,Pidie Jaya,Aceh,14.02,-0.6799999999999997,0.7065968033775332,-0.20085518601492566,Terindikasi Deforestasi
60,2024,1118,Pidie Jaya,Aceh,14.79,0.7699999999999996,0.7433840451453126,-0.20085518601492566,Terindikasi Deforestasi
56,2020,1171,Kota Banda Aceh,Aceh,1.5,,0.39808882813286056,0.5803394624287387,Tidak Deforestasi
57,2021,1171,Kota Banda Aceh,Aceh,1.45,-0.050000000000000044,0.39348239396635143,0.5803394624287387,Tidak Deforestasi
58,2022,1171,Kota Banda Aceh,Aceh,1.48,0.030000000000000027,0.39144396268409126,0.5803394624287387,Tidak Deforestasi
59,2023,1171,Kota Banda Aceh,Aceh,1.47,-0.010000000000000009,0.3998460047761066,0.5803394624287387,Tidak Deforestasi
60,2024,1171,Kota Banda Aceh,Aceh,1.5,0.030000000000000027,0.41856222217869543,0.5803394624287387,Tidak Deforestasi
56,2020,1172,Kota Sabang,Aceh,1.0,,0.6443311574675091,-0.17210124724770803,Terindikasi Deforestasi
57,2021,1172,Kota Sabang,Aceh,1.0,0.0,0.7014801225395587,-0.17210124724770803,Terindikasi Deforestasi
58,2022,1172,Kota Sabang,Aceh,0.97,-0.030000000000000027,0.6909263922500172,-0.17210124724770803,Terindikasi Deforestasi
59,2023,1172,Kota Sabang,Aceh,0.95,-0.020000000000000018,0.6781562746605133,-0.17210124724770803,Terindikasi Deforestasi
60,2024,1172,Kota Sabang,Aceh,0.94,-0.010000000000000009,0.6810218796297127,-0.17210124724770803,Terindikasi Deforestasi
56,2020,1173,Kota Langsa,Aceh,4.1,,0.5606714737889411,-0.9133468742817877,Terindikasi Deforestasi
57,2021,1173,Kota Langsa,Aceh,3.96,-0.13999999999999968,0.5615465339065032,-0.9133468742817877,Terindikasi Deforestasi
58,2022,1173,Kota Langsa,Aceh,3.71,-0.25,0.5772371367176014,-0.9133468742817877,Terindikasi Deforestasi
59,2023,1173,Kota Langsa,Aceh,3.64,-0.06999999999999984,0.5984642904484802,-0.9133468742817877,Terindikasi Deforestasi
60,2024,1173,Kota Langsa,Aceh,3.71,0.06999999999999984,0.5883196870800416,-0.9133468742817877,Terindikasi Deforestasi
56,2020,1174,Kota Lhokseumawe,Aceh,2.37,,0.5664961051723868,-0.3803230177041223,Terindikasi Deforestasi
57,2021,1174,Kota Lhokseumawe,Aceh,2.3,-0.07000000000000028,0.5979322636786341,-0.3803230177041223,Terindikasi Deforestasi
58,2022,1174,Kota Lhokseumawe,Aceh,2.48,0.18000000000000016,0.5461814137530713,-0.3803230177041223,Terindikasi Deforestasi
59,2023,1174,Kota Lhokseumawe,Aceh,2.34,-0.14000000000000012,0.5795809455844163,-0.3803230177041223,Terindikasi Deforestasi
60,2024,1174,Kota Lhokseumawe,Aceh,2.49,0.15000000000000036,0.5950965402742247,-0.3803230177041223,Terindikasi Deforestasi
56,2020,1175,Kota Subulussalam,Aceh,11.78,,0.8040539135077612,-0.5372829882578993,Terindikasi Deforestasi
57,2021,1175,Kota Subulussalam,Aceh,11.58,-0.1999999999999993,0.8056770753852109,-0.5372829882578993,Terindikasi Deforestasi
58,2022,1175,Kota Subulussalam,Aceh,12.45,0.8699999999999992,0.7782955897611762,-0.5372829882578993,Terindikasi Deforestasi
59,2023,1175,Kota Subulussalam,Aceh,11.83,-0.6199999999999992,0.7672738705013741,-0.5372829882578993,Terindikasi Deforestasi
60,2024,1175,Kota Subulussalam,Aceh,11.85,0.019999999999999574,0.7979011277418533,-0.5372829882578993,Terindikasi Deforestasi
56,2020,1201,Nias,Sumatera Utara,13.19,,0.7271622790564494,-0.9328016517316703,Terindikasi Deforestasi
57,2021,1201,Nias,Sumatera Utara,12.98,-0.20999999999999908,0.7314571345095857,-0.9328016517316703,Terindikasi Deforestasi
58,2022,1201,Nias,Sumatera Utara,14.21,1.2300000000000004,0.712793701868206,-0.9328016517316703,Terindikasi Deforestasi
59,2023,1201,Nias,Sumatera Utara,14.03,-0.1800000000000015,0.7057855770740393,-0.9328016517316703,Terindikasi Deforestasi
60,2024,1201,Nias,Sumatera Utara,13.15,-0.879999999999999,0.7333980464028177,-0.9328016517316703,Terindikasi Deforestasi
56,2020,1202,Mandailing Natal,Sumatera Utara,81.67,,0.7702114962749917,-0.37903565646229204,Terindikasi Deforestasi
57,2021,1202,Mandailing Natal,Sumatera Utara,77.82,-3.8500000000000085,0.7743107489669363,-0.37903565646229204,Terindikasi Deforestasi
58,2022,1202,Mandailing Natal,Sumatera Utara,81.37,3.5500000000000114,0.739820068871388,-0.37903565646229204,Terindikasi Deforestasi
59,2023,1202,Mandailing Natal,Sumatera Utara,79.71,-1.6600000000000108,0.7351440267647126,-0.37903565646229204,Terindikasi Deforestasi
60,2024,1202,Mandailing Natal,Sumatera Utara,78.93,-0.7799999999999869,0.7700553249063595,-0.37903565646229204,Terindikasi Deforestasi
56,2020,1203,Tapanuli Selatan,Sumatera Utara,65.0,,0.7292934408147341,-0.47685133794773743,Terindikasi Deforestasi
57,2021,1203,Tapanuli Selatan,Sumatera Utara,63.49,-1.509999999999998,0.7636735323184769,-0.47685133794773743,Terindikasi Deforestasi
58,2022,1203,Tapanuli Selatan,Sumatera Utara,66.47,2.979999999999997,0.7280067692731855,-0.47685133794773743,Terindikasi Deforestasi
59,2023,1203,Tapanuli Selatan,Sumatera Utara,66.46,-0.010000000000005116,0.7128973027320376,-0.47685133794773743,Terindikasi Deforestasi
60,2024,1203,Tapanuli Selatan,Sumatera Utara,61.15,-5.309999999999995,0.7323035563944114,-0.47685133794773743,Terindikasi Deforestasi
56,2020,1204,Tapanuli Tengah,Sumatera Utara,35.72,,0.768936562854129,-0.6946203067276183,Terindikasi Deforestasi
57,2021,1204,Tapanuli Tengah,Sumatera Utara,35.23,-0.490000000000002,0.7833382605868371,-0.6946203067276183,Terindikasi Deforestasi
58,2022,1204,Tapanuli Tengah,Sumatera Utara,36.16,0.9299999999999997,0.7456972973622922,-0.6946203067276183,Terindikasi Deforestasi
59,2023,1204,Tapanuli Tengah,Sumatera Utara,37.72,1.5600000000000023,0.7510704639693634,-0.6946203067276183,Terindikasi Deforestasi
60,2024,1204,Tapanuli Tengah,Sumatera Utara,35.94,-1.7800000000000011,0.7585337421708669,-0.6946203067276183,Terindikasi Deforestasi
56,2020,1205,Tapanuli Utara,Sumatera Utara,21.17,,0.6743816722948539,-0.39829402581672846,Terindikasi Deforestasi
57,2021,1205,Tapanuli Utara,Sumatera Utara,20.88,-0.2900000000000027,0.7194789095706353,-0.39829402581672846,Terindikasi Deforestasi
58,2022,1205,Tapanuli Utara,Sumatera Utara,23.55,2.6700000000000017,0.6757023089539577,-0.39829402581672846,Terindikasi Deforestasi
59,2023,1205,Tapanuli Utara,Sumatera Utara,21.6,-1.9499999999999993,0.6685848585746875,-0.39829402581672846,Terindikasi Deforestasi
60,2024,1205,Tapanuli Utara,Sumatera Utara,23.11,1.509999999999998,0.6838188243291801,-0.39829402581672846,Terindikasi Deforestasi
56,2020,1206,Toba,Sumatera Utara,17.74,,0.6057961823795535,-0.5860131632795909,Terindikasi Deforestasi
57,2021,1206,Toba,Sumatera Utara,16.98,-0.759999999999998,0.6508883551617445,-0.5860131632795909,Terindikasi Deforestasi
58,2022,1206,Toba,Sumatera Utara,19.26,2.280000000000001,0.616943048426601,-0.5860131632795909,Terindikasi Deforestasi
59,2023,1206,Toba,Sumatera Utara,17.61,-1.6500000000000021,0.6262034554112018,-0.5860131632795909,Terindikasi Deforestasi
60,2024,1206,Toba,Sumatera Utara,17.64,0.030000000000001137,0.6327812374733628,-0.5860131632795909,Terindikasi Deforestasi
56,2020,1207,Labuhanbatu,Sumatera Utara,87.12,,0.6944060982513551,-0.04440279705163637,Terindikasi Deforestasi
57,2021,1207,Labuhanbatu,Sumatera Utara,84.19,-2.930000000000007,0.7180244291844623,-0.04440279705163637,Terindikasi Deforestasi
58,2022,1207,Labuhanbatu,Sumatera Utara,89.37,5.180000000000007,0.7251024549896365,-0.04440279705163637,Terindikasi Deforestasi
59,2023,1207,Labuhanbatu,Sumatera Utara,89.82,0.44999999999998863,0.7060194072407464,-0.04440279705163637,Terindikasi Deforestasi
60,2024,1207,Labuhanbatu,Sumatera Utara,95.5,5.680000000000007,0.7098397901610901,-0.04440279705163637,Terindikasi Deforestasi
56,2020,1208,Asahan,Sumatera Utara,83.48,,0.6963081499228467,0.344245315471436,Tidak Deforestasi
57,2021,1208,Asahan,Sumatera Utara,80.02,-3.460000000000008,0.7223679688918163,0.344245315471436,Tidak Deforestasi
58,2022,1208,Asahan,Sumatera Utara,85.23,5.210000000000008,0.6943674166924081,0.344245315471436,Tidak Deforestasi
59,2023,1208,Asahan,Sumatera Utara,89.89,4.659999999999997,0.7256766620474031,0.344245315471436,Tidak Deforestasi
60,2024,1208,Asahan,Sumatera Utara,88.15,-1.7399999999999949,0.7316601535239946,0.344245315471436,Tidak Deforestasi
56,2020,1209,Simalungun,Sumatera Utara,86.5,,0.6639392535654797,-0.38781798119973326,Terindikasi Deforestasi
57,2021,1209,Simalungun,Sumatera Utara,83.17,-3.3299999999999983,0.6907487918553323,-0.38781798119973326,Terindikasi Deforestasi
58,2022,1209,Simalungun,Sumatera Utara,91.7,8.530000000000001,0.6313616248745391,-0.38781798119973326,Terindikasi Deforestasi
59,2023,1209,Simalungun,Sumatera Utara,86.87,-4.829999999999998,0.6760972906586009,-0.38781798119973326,Terindikasi Deforestasi
60,2024,1209,Simalungun,Sumatera Utara,91.81,4.939999999999998,0.6947502481021284,-0.38781798119973326,Terindikasi Deforestasi
56,2020,1210,Dairi,Sumatera Utara,26.05,,0.7028652447317887,-0.5626178376535962,Terindikasi Deforestasi
57,2021,1210,Dairi,Sumatera Utara,25.24,-0.8100000000000023,0.7066452134549877,-0.5626178376535962,Terindikasi Deforestasi
58,2022,1210,Dairi,Sumatera Utara,26.91,1.6700000000000017,0.6533720709529476,-0.5626178376535962,Terindikasi Deforestasi
59,2023,1210,Dairi,Sumatera Utara,27.39,0.4800000000000004,0.6842588224133788,-0.5626178376535962,Terindikasi Deforestasi
60,2024,1210,Dairi,Sumatera Utara,26.56,-0.8300000000000018,0.7129538657045384,-0.5626178376535962,Terindikasi Deforestasi
56,2020,1211,Karo,Sumatera Utara,17.52,,0.6465829983647404,-0.49476142786600136,Terindikasi Deforestasi
57,2021,1211,Karo,Sumatera Utara,16.68,-0.8399999999999999,0.6769626649005687,-0.49476142786600136,Terindikasi Deforestasi
58,2022,1211,Karo,Sumatera Utara,18.29,1.6099999999999994,0.6143777055378586,-0.49476142786600136,Terindikasi Deforestasi
59,2023,1211,Karo,Sumatera Utara,17.72,-0.5700000000000003,0.643150941431365,-0.49476142786600136,Terindikasi Deforestasi
60,2024,1211,Karo,Sumatera Utara,18.1,0.38000000000000256,0.6826419602917293,-0.49476142786600136,Terindikasi Deforestasi
56,2020,1212,Deli Serdang,Sumatera Utara,83.16,,0.6330692126562683,-0.15554290581542596,Terindikasi Deforestasi
57,2021,1212,Deli Serdang,Sumatera Utara,81.09,-2.069999999999993,0.6488978077858727,-0.15554290581542596,Terindikasi Deforestasi
58,2022,1212,Deli Serdang,Sumatera Utara,84.11,3.019999999999996,0.6170382605975792,-0.15554290581542596,Terindikasi Deforestasi
59,2023,1212,Deli Serdang,Sumatera Utara,80.21,-3.9000000000000057,0.6365957349000267,-0.15554290581542596,Terindikasi Deforestasi
60,2024,1212,Deli Serdang,Sumatera Utara,84.53,4.320000000000007,0.6538068314397738,-0.15554290581542596,Terindikasi Deforestasi
56,2020,1213,Langkat,Sumatera Utara,94.61,,0.6975934101262103,0.5152829680096666,Tidak Deforestasi
57,2021,1213,Langkat,Sumatera Utara,91.61,-3.0,0.7101838647753804,0.5152829680096666,Tidak Deforestasi
58,2022,1213,Langkat,Sumatera Utara,92.97,1.3599999999999994,0.6867412764320738,0.5152829680096666,Tidak Deforestasi
59,2023,1213,Langkat,Sumatera Utara,96.68,3.710000000000008,0.7010385068301348,0.5152829680096666,Tidak Deforestasi
60,2024,1213,Langkat,Sumatera Utara,97.99,1.309999999999988,0.7273148294920516,0.5152829680096666,Tidak Deforestasi
56,2020,1214,Nias Selatan,Sumatera Utara,18.53,,0.6953558014876127,-0.19903219445341233,Terindikasi Deforestasi
57,2021,1214,Nias Selatan,Sumatera Utara,17.75,-0.7800000000000011,0.7334823615077333,-0.19903219445341233,Terindikasi Deforestasi
58,2022,1214,Nias Selatan,Sumatera Utara,17.65,-0.10000000000000142,0.6887044150609449,-0.19903219445341233,Terindikasi Deforestasi
59,2023,1214,Nias Selatan,Sumatera Utara,18.06,0.41000000000000014,0.6639340210786626,-0.19903219445341233,Terindikasi Deforestasi
60,2024,1214,Nias Selatan,Sumatera Utara,18.24,0.17999999999999972,0.7049249496072635,-0.19903219445341233,Terindikasi Deforestasi
56,2020,1215,Humbang Hasundutan,Sumatera Utara,25.92,,0.7190465996556761,-0.41890332287895776,Terindikasi Deforestasi
57,2021,1215,Humbang Hasundutan,Sumatera Utara,25.03,-0.8900000000000006,0.7398949950545551,-0.41890332287895776,Terindikasi Deforestasi
58,2022,1215,Humbang Hasundutan,Sumatera Utara,26.71,1.6799999999999997,0.6796118596456735,-0.41890332287895776,Terindikasi Deforestasi
59,2023,1215,Humbang Hasundutan,Sumatera Utara,27.49,0.7799999999999976,0.6982194001254964,-0.41890332287895776,Terindikasi Deforestasi
60,2024,1215,Humbang Hasundutan,Sumatera Utara,28.36,0.870000000000001,0.7198344195247741,-0.41890332287895776,Terindikasi Deforestasi
56,2020,1216,Pakpak Bharat,Sumatera Utara,32.43,,0.7662379438462775,-0.4315521532289111,Terindikasi Deforestasi
57,2021,1216,Pakpak Bharat,Sumatera Utara,31.02,-1.4100000000000001,0.7881000102849076,-0.4315521532289111,Terindikasi Deforestasi
58,2022,1216,Pakpak Bharat,Sumatera Utara,31.72,0.6999999999999993,0.7416268319379942,-0.4315521532289111,Terindikasi Deforestasi
59,2023,1216,Pakpak Bharat,Sumatera Utara,31.53,-0.18999999999999773,0.7452959267371421,-0.4315521532289111,Terindikasi Deforestasi
60,2024,1216,Pakpak Bharat,Sumatera Utara,30.93,-0.6000000000000014,0.7737871081445049,-0.4315521532289111,Terindikasi Deforestasi
56,2020,1217,Samosir,Sumatera Utara,6.86,,0.5244671971165771,-0.5109876659091656,Terindikasi Deforestasi
57,2021,1217,Samosir,Sumatera Utara,6.64,-0.22000000000000064,0.5416672038765185,-0.5109876659091656,Terindikasi Deforestasi
58,2022,1217,Samosir,Sumatera Utara,7.46,0.8200000000000003,0.4754489677416088,-0.5109876659091656,Terindikasi Deforestasi
59,2023,1217,Samosir,Sumatera Utara,7.41,-0.04999999999999982,0.511997096895291,-0.5109876659091656,Terindikasi Deforestasi
60,2024,1217,Samosir,Sumatera Utara,7.63,0.21999999999999975,0.5308887286632447,-0.5109876659091656,Terindikasi Deforestasi
56,2020,1218,Serdang Bedagai,Sumatera Utara,78.22,,0.6761499794535869,-0.933677605010341,Terindikasi Deforestasi
57,2021,1218,Serdang Bedagai,Sumatera Utara,75.28,-2.9399999999999977,0.709257486110581,-0.933677605010341,Terindikasi Deforestasi
58,2022,1218,Serdang Bedagai,Sumatera Utara,79.22,3.9399999999999977,0.648092611572749,-0.933677605010341,Terindikasi Deforestasi
59,2023,1218,Serdang Bedagai,Sumatera Utara,78.58,-0.6400000000000006,0.666610766624373,-0.933677605010341,Terindikasi Deforestasi
60,2024,1218,Serdang Bedagai,Sumatera Utara,77.17,-1.4099999999999966,0.7011819550346708,-0.933677605010341,Terindikasi Deforestasi
56,2020,1219,Batu Bara,Sumatera Utara,58.68,,0.644360069954973,-0.92826392125462,Terindikasi Deforestasi
57,2021,1219,Batu Bara,Sumatera Utara,57.99,-0.6899999999999977,0.6685026701394932,-0.92826392125462,Terindikasi Deforestasi
58,2022,1219,Batu Bara,Sumatera Utara,67.21,9.219999999999992,0.5950874533344532,-0.92826392125462,Terindikasi Deforestasi
59,2023,1219,Batu Bara,Sumatera Utara,63.19,-4.019999999999996,0.6309349184235266,-0.92826392125462,Terindikasi Deforestasi
60,2024,1219,Batu Bara,Sumatera Utara,62.24,-0.9499999999999957,0.6460153694539716,-0.92826392125462,Terindikasi Deforestasi
56,2020,1220,Padang Lawas Utara,Sumatera Utara,80.52,,0.7356723166308867,-0.20467120455874482,Terindikasi Deforestasi
57,2021,1220,Padang Lawas Utara,Sumatera Utara,78.99,-1.5300000000000011,0.7752803708143114,-0.20467120455874482,Terindikasi Deforestasi
58,2022,1220,Padang Lawas Utara,Sumatera Utara,86.23,7.240000000000009,0.7628595806468855,-0.20467120455874482,Terindikasi Deforestasi
59,2023,1220,Padang Lawas Utara,Sumatera Utara,84.19,-2.0400000000000063,0.7321706762533582,-0.20467120455874482,Terindikasi Deforestasi
60,2024,1220,Padang Lawas Utara,Sumatera Utara,82.17,-2.019999999999996,0.7529006868810613,-0.20467120455874482,Terindikasi Deforestasi
56,2020,1221,Padang Lawas,Sumatera Utara,92.35,,0.7247838547123676,-0.2645362939786318,Terindikasi Deforestasi
57,2021,1221,Padang Lawas,Sumatera Utara,90.37,-1.9799999999999898,0.7530588774453113,-0.2645362939786318,Terindikasi Deforestasi
58,2022,1221,Padang Lawas,Sumatera Utara,95.44,5.069999999999993,0.7385620610044817,-0.2645362939786318,Terindikasi Deforestasi
59,2023,1221,Padang Lawas,Sumatera Utara,91.82,-3.6200000000000045,0.7315378261937283,-0.2645362939786318,Terindikasi Deforestasi
60,2024,1221,Padang Lawas,Sumatera Utara,93.21,1.3900000000000006,0.7419000788706173,-0.2645362939786318,Terindikasi Deforestasi
56,2020,1222,Labuhanbatu Selatan,Sumatera Utara,86.09,,0.7344311798455792,0.07363839137594441,Tidak Deforestasi
57,2021,1222,Labuhanbatu Selatan,Sumatera Utara,84.96,-1.1300000000000097,0.7646542072941681,0.07363839137594441,Tidak Deforestasi
58,2022,1222,Labuhanbatu Selatan,Sumatera Utara,87.0,2.0400000000000063,0.7732926618992992,0.07363839137594441,Tidak Deforestasi
59,2023,1222,Labuhanbatu Selatan,Sumatera Utara,87.83,0.8299999999999983,0.7421039499350679,0.07363839137594441,Tidak Deforestasi
60,2024,1222,Labuhanbatu Selatan,Sumatera Utara,82.48,-5.349999999999994,0.7459261718983455,0.07363839137594441,Tidak Deforestasi
56,2020,1223,Labuhanbatu Utara,Sumatera Utara,76.42,,0.7145248118308885,0.06787912693843816,Tidak Deforestasi
57,2021,1223,Labuhanbatu Utara,Sumatera Utara,74.95,-1.4699999999999989,0.7429883637381873,0.06787912693843816,Tidak Deforestasi
58,2022,1223,Labuhanbatu Utara,Sumatera Utara,86.08,11.129999999999995,0.7331746556824058,0.06787912693843816,Tidak Deforestasi
59,2023,1223,Labuhanbatu Utara,Sumatera Utara,80.38,-5.700000000000003,0.7235509540849743,0.06787912693843816,Tidak Deforestasi
60,2024,1223,Labuhanbatu Utara,Sumatera Utara,80.74,0.35999999999999943,0.73832722658585,0.06787912693843816,Tidak Deforestasi
56,2020,1224,Nias Utara,Sumatera Utara,13.66,,0.7343715411027968,-0.4271433259872392,Terindikasi Deforestasi
57,2021,1224,Nias Utara,Sumatera Utara,13.47,-0.1899999999999995,0.7522960747772137,-0.4271433259872392,Terindikasi Deforestasi
58,2022,1224,Nias Utara,Sumatera Utara,13.41,-0.0600000000000005,0.7169719817052383,-0.4271433259872392,Terindikasi Deforestasi
59,2023,1224,Nias Utara,Sumatera Utara,14.2,0.7899999999999991,0.7150076210042129,-0.4271433259872392,Terindikasi Deforestasi
60,2024,1224,Nias Utara,Sumatera Utara,13.16,-1.0399999999999991,0.7321281709239915,-0.4271433259872392,Terindikasi Deforestasi
56,2020,1225,Nias Barat,Sumatera Utara,10.23,,0.7408080443624117,-0.46214745884187786,Terindikasi Deforestasi
57,2021,1225,Nias Barat,Sumatera Utara,10.02,-0.21000000000000085,0.7588404081092985,-0.46214745884187786,Terindikasi Deforestasi
58,2022,1225,Nias Barat,Sumatera Utara,11.1,1.08,0.7468514200976883,-0.46214745884187786,Terindikasi Deforestasi
59,2023,1225,Nias Barat,Sumatera Utara,10.91,-0.1899999999999995,0.7334699595860467,-0.46214745884187786,Terindikasi Deforestasi
60,2024,1225,Nias Barat,Sumatera Utara,11.39,0.4800000000000004,0.743613539506354,-0.46214745884187786,Terindikasi Deforestasi
56,2020,1271,Kota Sibolga,Sumatera Utara,1.75,,0.629274367192902,-0.8285088709974411,Terindikasi Deforestasi
57,2021,1271,Kota Sibolga,Sumatera Utara,1.69,-0.06000000000000005,0.6263040932037973,-0.8285088709974411,Terindikasi Deforestasi
58,2022,1271,Kota Sibolga,Sumatera Utara,1.92,0.22999999999999998,0.5921826376410214,-0.8285088709974411,Terindikasi Deforestasi
59,2023,1271,Kota Sibolga,Sumatera Utara,1.82,-0.09999999999999987,0.6080319273474167,-0.8285088709974411,Terindikasi Deforestasi
60,2024,1271,Kota Sibolga,Sumatera Utara,1.89,0.06999999999999984,0.6154089671941634,-0.8285088709974411,Terindikasi Deforestasi
56,2020,1272,Kota Tanjung Balai,Sumatera Utara,4.39,,0.558578344138335,0.573497330653439,Tidak Deforestasi
57,2021,1272,Kota Tanjung Balai,Sumatera Utara,4.28,-0.10999999999999943,0.5823143900864017,0.573497330653439,Tidak Deforestasi
58,2022,1272,Kota Tanjung Balai,Sumatera Utara,4.55,0.2699999999999996,0.5740976766401686,0.573497330653439,Tidak Deforestasi
59,2023,1272,Kota Tanjung Balai,Sumatera Utara,4.53,-0.019999999999999574,0.5978209977904557,0.573497330653439,Tidak Deforestasi
60,2024,1272,Kota Tanjung Balai,Sumatera Utara,4.6,0.0699999999999994,0.6207947591994082,0.573497330653439,Tidak Deforestasi
56,2020,1273,Kota Pematangsiantar,Sumatera Utara,4.51,,0.5649909304370954,-0.36255198710426967,Terindikasi Deforestasi
57,2021,1273,Kota Pematangsiantar,Sumatera Utara,4.4,-0.10999999999999943,0.5779854754421045,-0.36255198710426967,Terindikasi Deforestasi
58,2022,1273,Kota Pematangsiantar,Sumatera Utara,4.47,0.0699999999999994,0.5275890459117523,-0.36255198710426967,Terindikasi Deforestasi
59,2023,1273,Kota Pematangsiantar,Sumatera Utara,4.31,-0.16000000000000014,0.5785455468708282,-0.36255198710426967,Terindikasi Deforestasi
60,2024,1273,Kota Pematangsiantar,Sumatera Utara,4.47,0.16000000000000014,0.586440913356894,-0.36255198710426967,Terindikasi Deforestasi
56,2020,1274,Kota Tebing Tinggi,Sumatera Utara,2.63,,0.5309680810851627,-0.5694769711084298,Terindikasi Deforestasi
57,2021,1274,Kota Tebing Tinggi,Sumatera Utara,2.58,-0.04999999999999982,0.5639985887776615,-0.5694769711084298,Terindikasi Deforestasi
58,2022,1274,Kota Tebing Tinggi,Sumatera Utara,2.86,0.2799999999999998,0.5067146872058554,-0.5694769711084298,Terindikasi Deforestasi
59,2023,1274,Kota Tebing Tinggi,Sumatera Utara,2.79,-0.06999999999999984,0.5364148410661721,-0.5694769711084298,Terindikasi Deforestasi
60,2024,1274,Kota Tebing Tinggi,Sumatera Utara,2.78,-0.010000000000000231,0.559848510683854,-0.5694769711084298,Terindikasi Deforestasi
56,2020,1275,Kota Medan,Sumatera Utara,7.28,,0.3716043542045071,-0.6263634694261727,Terindikasi Deforestasi
57,2021,1275,Kota Medan,Sumatera Utara,7.13,-0.15000000000000036,0.3867081148764757,-0.6263634694261727,Terindikasi Deforestasi
58,2022,1275,Kota Medan,Sumatera Utara,7.65,0.5200000000000005,0.36912198915607175,-0.6263634694261727,Terindikasi Deforestasi
59,2023,1275,Kota Medan,Sumatera Utara,7.38,-0.27000000000000046,0.3746588449605285,-0.6263634694261727,Terindikasi Deforestasi
60,2024,1275,Kota Medan,Sumatera Utara,7.37,-0.009999999999999787,0.38708727605163773,-0.6263634694261727,Terindikasi Deforestasi
56,2020,1276,Kota Binjai,Sumatera Utara,3.69,,0.6232523976604407,-0.2280819177769025,Terindikasi Deforestasi
57,2021,1276,Kota Binjai,Sumatera Utara,3.52,-0.16999999999999993,0.6134837385184172,-0.2280819177769025,Terindikasi Deforestasi
58,2022,1276,Kota Binjai,Sumatera Utara,3.73,0.20999999999999996,0.5968923224464038,-0.2280819177769025,Terindikasi Deforestasi
59,2023,1276,Kota Binjai,Sumatera Utara,3.75,0.020000000000000018,0.6072743208250926,-0.2280819177769025,Terindikasi Deforestasi
60,2024,1276,Kota Binjai,Sumatera Utara,3.58,-0.16999999999999993,0.6052222934287037,-0.2280819177769025,Terindikasi Deforestasi
56,2020,1277,Kota Padang Sidempuan,Sumatera Utara,3.78,,0.6863631462555151,0.0024609280169991666,Tidak Deforestasi
57,2021,1277,Kota Padang Sidempuan,Sumatera Utara,3.65,-0.1299999999999999,0.6913001154985909,0.0024609280169991666,Tidak Deforestasi
58,2022,1277,Kota Padang Sidempuan,Sumatera Utara,3.7,0.050000000000000266,0.6660486358206079,0.0024609280169991666,Tidak Deforestasi
59,2023,1277,Kota Padang Sidempuan,Sumatera Utara,3.58,-0.1200000000000001,0.6729256004095622,0.0024609280169991666,Tidak Deforestasi
60,2024,1277,Kota Padang Sidempuan,Sumatera Utara,3.61,0.029999999999999805,0.692274676238748,0.0024609280169991666,Tidak Deforestasi
56,2020,1278,Kota Gunungsitoli,Sumatera Utara,2.79,,0.7323014979624491,0.06756683818744369,Tidak Deforestasi
57,2021,1278,Kota Gunungsitoli,Sumatera Utara,2.7,-0.08999999999999986,0.7304190794852796,0.06756683818744369,Tidak Deforestasi
58,2022,1278,Kota Gunungsitoli,Sumatera Utara,2.69,-0.010000000000000231,0.701751880598906,0.06756683818744369,Tidak Deforestasi
59,2023,1278,Kota Gunungsitoli,Sumatera Utara,2.77,0.08000000000000007,0.6758041642850026,0.06756683818744369,Tidak Deforestasi
60,2024,1278,Kota Gunungsitoli,Sumatera Utara,2.79,0.020000000000000018,0.7252046302773585,0.06756683818744369,Tidak Deforestasi
56,2020,1301,Kepulauan Mentawai,Sumatera Barat,17.65,,0.6975446907986453,0.040541730326898534,Tidak Deforestasi
57,2021,1301,Kepulauan Mentawai,Sumatera Barat,19.57,1.9200000000000017,0.7297718875856739,0.040541730326898534,Tidak Deforestasi
58,2022,1301,Kepulauan Mentawai,Sumatera Barat,19.36,-0.21000000000000085,0.7170317997702143,0.040541730326898534,Tidak Deforestasi
59,2023,1301,Kepulauan Mentawai,Sumatera Barat,19.61,0.25,0.6628656486573083,0.040541730326898534,Tidak Deforestasi
60,2024,1301,Kepulauan Mentawai,Sumatera Barat,18.88,-0.7300000000000004,0.702413585931954,0.040541730326898534,Tidak Deforestasi
56,2020,1302,Pesisir Selatan,Sumatera Barat,30.75,,0.7879146797311712,-0.557211701783677,Terindikasi Deforestasi
57,2021,1302,Pesisir Selatan,Sumatera Barat,33.35,2.6000000000000014,0.7868068509546918,-0.557211701783677,Terindikasi Deforestasi
58,2022,1302,Pesisir Selatan,Sumatera Barat,34.74,1.3900000000000006,0.7771813841329901,-0.557211701783677,Terindikasi Deforestasi
59,2023,1302,Pesisir Selatan,Sumatera Barat,34.59,-0.14999999999999858,0.7400908657081565,-0.557211701783677,Terindikasi Deforestasi
60,2024,1302,Pesisir Selatan,Sumatera Barat,35.14,0.5499999999999972,0.7703009735329888,-0.557211701783677,Terindikasi Deforestasi
56,2020,1303,Solok,Sumatera Barat,20.14,,0.6702323828769031,-0.13293062522537538,Terindikasi Deforestasi
57,2021,1303,Solok,Sumatera Barat,22.34,2.1999999999999993,0.6884389933907038,-0.13293062522537538,Terindikasi Deforestasi
58,2022,1303,Solok,Sumatera Barat,22.46,0.120000000000001,0.6983430114266767,-0.13293062522537538,Terindikasi Deforestasi
59,2023,1303,Solok,Sumatera Barat,22.0,-0.46000000000000085,0.6428203292975716,-0.13293062522537538,Terindikasi Deforestasi
60,2024,1303,Solok,Sumatera Barat,23.22,1.2199999999999989,0.6413270482872085,-0.13293062522537538,Terindikasi Deforestasi
56,2020,1304,Sijunjung,Sumatera Barat,40.46,,0.7373262181441897,-0.6652265458053163,Terindikasi Deforestasi
57,2021,1304,Sijunjung,Sumatera Barat,44.49,4.030000000000001,0.7397266589046128,-0.6652265458053163,Terindikasi Deforestasi
58,2022,1304,Sijunjung,Sumatera Barat,42.53,-1.9600000000000009,0.7493058009694745,-0.6652265458053163,Terindikasi Deforestasi
59,2023,1304,Sijunjung,Sumatera Barat,42.77,0.240000000000002,0.706746686146832,-0.6652265458053163,Terindikasi Deforestasi
60,2024,1304,Sijunjung,Sumatera Barat,46.58,3.809999999999995,0.6779737413024647,-0.6652265458053163,Terindikasi Deforestasi
56,2020,1305,Tanah Datar,Sumatera Barat,15.17,,0.6452325264954146,-0.22435068164948394,Terindikasi Deforestasi
57,2021,1305,Tanah Datar,Sumatera Barat,16.28,1.1100000000000012,0.671049429765364,-0.22435068164948394,Terindikasi Deforestasi
58,2022,1305,Tanah Datar,Sumatera Barat,17.28,1.0,0.652714157285569,-0.22435068164948394,Terindikasi Deforestasi
59,2023,1305,Tanah Datar,Sumatera Barat,16.59,-0.6900000000000013,0.6212081142740153,-0.22435068164948394,Terindikasi Deforestasi
60,2024,1305,Tanah Datar,Sumatera Barat,17.4,0.8099999999999987,0.6295766799052405,-0.22435068164948394,Terindikasi Deforestasi
56,2020,1306,Padang Pariaman,Sumatera Barat,25.28,,0.7614855828322016,-0.5530960107642653,Terindikasi Deforestasi
57,2021,1306,Padang Pariaman,Sumatera Barat,27.51,2.2300000000000004,0.7498222413942482,-0.5530960107642653,Terindikasi Deforestasi
58,2022,1306,Padang Pariaman,Sumatera Barat,27.96,0.4499999999999993,0.730941829016709,-0.5530960107642653,Terindikasi Deforestasi
59,2023,1306,Padang Pariaman,Sumatera Barat,26.71,-1.25,0.720494002963174,-0.5530960107642653,Terindikasi Deforestasi
60,2024,1306,Padang Pariaman,Sumatera Barat,27.47,0.759999999999998,0.7339555194387517,-0.5530960107642653,Terindikasi Deforestasi
56,2020,1307,Agam,Sumatera Barat,20.6,,0.723206057345117,-0.7526885064245487,Terindikasi Deforestasi
57,2021,1307,Agam,Sumatera Barat,22.49,1.889999999999997,0.7177227300875487,-0.7526885064245487,Terindikasi Deforestasi
58,2022,1307,Agam,Sumatera Barat,21.95,-0.5399999999999991,0.7007560650716029,-0.7526885064245487,Terindikasi Deforestasi
59,2023,1307,Agam,Sumatera Barat,23.58,1.629999999999999,0.6848108300643188,-0.7526885064245487,Terindikasi Deforestasi
60,2024,1307,Agam,Sumatera Barat,21.78,-1.7999999999999972,0.7004256509029996,-0.7526885064245487,Terindikasi Deforestasi
56,2020,1308,Lima Puluh Kota,Sumatera Barat,28.2,,0.7005241777809843,-0.10508458200601374,Terindikasi Deforestasi
57,2021,1308,Lima Puluh Kota,Sumatera Barat,30.63,2.4299999999999997,0.7068312055351076,-0.10508458200601374,Terindikasi Deforestasi
58,2022,1308,Lima Puluh Kota,Sumatera Barat,30.4,-0.23000000000000043,0.7110156090478693,-0.10508458200601374,Terindikasi Deforestasi
59,2023,1308,Lima Puluh Kota,Sumatera Barat,32.2,1.8000000000000043,0.7063243433691948,-0.10508458200601374,Terindikasi Deforestasi
60,2024,1308,Lima Puluh Kota,Sumatera Barat,31.77,-0.43000000000000327,0.6901039138521995,-0.10508458200601374,Terindikasi Deforestasi
56,2020,1309,Pasaman,Sumatera Barat,44.62,,0.7199825318520855,0.13545758463232346,Tidak Deforestasi
57,2021,1309,Pasaman,Sumatera Barat,48.17,3.5500000000000043,0.7323002818854152,0.13545758463232346,Tidak Deforestasi
58,2022,1309,Pasaman,Sumatera Barat,51.16,2.989999999999995,0.7266391418497765,0.13545758463232346,Tidak Deforestasi
59,2023,1309,Pasaman,Sumatera Barat,50.42,-0.7399999999999949,0.7204628317060706,0.13545758463232346,Tidak Deforestasi
60,2024,1309,Pasaman,Sumatera Barat,51.68,1.259999999999998,0.7229255948119195,0.13545758463232346,Tidak Deforestasi
56,2020,1310,Solok Selatan,Sumatera Barat,38.61,,0.7032841848682215,-0.1638535240041798,Terindikasi Deforestasi
57,2021,1310,Solok Selatan,Sumatera Barat,41.79,3.1799999999999997,0.7229404290823243,-0.1638535240041798,Terindikasi Deforestasi
58,2022,1310,Solok Selatan,Sumatera Barat,42.26,0.46999999999999886,0.7332569559876151,-0.1638535240041798,Terindikasi Deforestasi
59,2023,1310,Solok Selatan,Sumatera Barat,43.3,1.0399999999999991,0.6868385099231968,-0.1638535240041798,Terindikasi Deforestasi
60,2024,1310,Solok Selatan,Sumatera Barat,42.76,-0.5399999999999991,0.6876017709871989,-0.1638535240041798,Terindikasi Deforestasi
56,2020,1311,Dharmasraya,Sumatera Barat,48.25,,0.7084891978280484,-0.22193434329312517,Terindikasi Deforestasi
57,2021,1311,Dharmasraya,Sumatera Barat,53.38,5.130000000000003,0.7003539678833726,-0.22193434329312517,Terindikasi Deforestasi
58,2022,1311,Dharmasraya,Sumatera Barat,56.93,3.549999999999997,0.7124356724321874,-0.22193434329312517,Terindikasi Deforestasi
59,2023,1311,Dharmasraya,Sumatera Barat,53.44,-3.490000000000002,0.6845983989074587,-0.22193434329312517,Terindikasi Deforestasi
60,2024,1311,Dharmasraya,Sumatera Barat,55.21,1.7700000000000031,0.6736358798053019,-0.22193434329312517,Terindikasi Deforestasi
56,2020,1312,Pasaman Barat,Sumatera Barat,50.68,,0.7849684058947055,-0.702260631073582,Terindikasi Deforestasi
57,2021,1312,Pasaman Barat,Sumatera Barat,56.52,5.840000000000003,0.7894277904103696,-0.702260631073582,Terindikasi Deforestasi
58,2022,1312,Pasaman Barat,Sumatera Barat,59.09,2.5700000000000003,0.7518997168094927,-0.702260631073582,Terindikasi Deforestasi
59,2023,1312,Pasaman Barat,Sumatera Barat,61.01,1.9199999999999946,0.7398501157357178,-0.702260631073582,Terindikasi Deforestasi
60,2024,1312,Pasaman Barat,Sumatera Barat,58.97,-2.039999999999999,0.778166732248324,-0.702260631073582,Terindikasi Deforestasi
56,2020,1371,Kota Padang,Sumatera Barat,4.02,,0.6882168838526619,-0.39471451383627154,Terindikasi Deforestasi
57,2021,1371,Kota Padang,Sumatera Barat,4.43,0.41000000000000014,0.687857127728865,-0.39471451383627154,Terindikasi Deforestasi
58,2022,1371,Kota Padang,Sumatera Barat,4.28,-0.14999999999999947,0.6836852114605106,-0.39471451383627154,Terindikasi Deforestasi
59,2023,1371,Kota Padang,Sumatera Barat,4.38,0.09999999999999964,0.6377244550303619,-0.39471451383627154,Terindikasi Deforestasi
60,2024,1371,Kota Padang,Sumatera Barat,4.33,-0.04999999999999982,0.6712666246960215,-0.39471451383627154,Terindikasi Deforestasi
56,2020,1372,Kota Solok,Sumatera Barat,1.49,,0.6252490964441605,-0.13227268884140664,Terindikasi Deforestasi
57,2021,1372,Kota Solok,Sumatera Barat,1.65,0.15999999999999992,0.6475892555004521,-0.13227268884140664,Terindikasi Deforestasi
58,2022,1372,Kota Solok,Sumatera Barat,1.69,0.040000000000000036,0.6549175288637232,-0.13227268884140664,Terindikasi Deforestasi
59,2023,1372,Kota Solok,Sumatera Barat,1.72,0.030000000000000027,0.6001629482688671,-0.13227268884140664,Terindikasi Deforestasi
60,2024,1372,Kota Solok,Sumatera Barat,1.69,-0.030000000000000027,0.6104160614476298,-0.13227268884140664,Terindikasi Deforestasi
56,2020,1373,Kota Sawahlunto,Sumatera Barat,2.57,,0.6996098417683535,0.23128566660256275,Tidak Deforestasi
57,2021,1373,Kota Sawahlunto,Sumatera Barat,2.85,0.28000000000000025,0.7373463548858041,0.23128566660256275,Tidak Deforestasi
58,2022,1373,Kota Sawahlunto,Sumatera Barat,2.9,0.04999999999999982,0.7140741226161424,0.23128566660256275,Tidak Deforestasi
59,2023,1373,Kota Sawahlunto,Sumatera Barat,2.87,-0.029999999999999805,0.6942965416109033,0.23128566660256275,Tidak Deforestasi
60,2024,1373,Kota Sawahlunto,Sumatera Barat,2.79,-0.08000000000000007,0.6624647485405133,0.23128566660256275,Tidak Deforestasi
56,2020,1374,Kota Padang Panjang,Sumatera Barat,1.06,,0.6282972619490649,-0.007210965441331429,Terindikasi Deforestasi
57,2021,1374,Kota Padang Panjang,Sumatera Barat,1.14,0.07999999999999985,0.6578547255962047,-0.007210965441331429,Terindikasi Deforestasi
58,2022,1374,Kota Padang Panjang,Sumatera Barat,1.1,-0.039999999999999813,0.6050309379985603,-0.007210965441331429,Terindikasi Deforestasi
59,2023,1374,Kota Padang Panjang,Sumatera Barat,1.15,0.04999999999999982,0.5965739536406272,-0.007210965441331429,Terindikasi Deforestasi
60,2024,1374,Kota Padang Panjang,Sumatera Barat,1.18,0.030000000000000027,0.6229382976265548,-0.007210965441331429,Terindikasi Deforestasi
56,2020,1375,Kota Bukittinggi,Sumatera Barat,1.01,,0.5271987577784716,-0.6543529408305521,Terindikasi Deforestasi
57,2021,1375,Kota Bukittinggi,Sumatera Barat,1.09,0.08000000000000007,0.5384511160784747,-0.6543529408305521,Terindikasi Deforestasi
58,2022,1375,Kota Bukittinggi,Sumatera Barat,1.11,0.020000000000000018,0.5129548052653498,-0.6543529408305521,Terindikasi Deforestasi
59,2023,1375,Kota Bukittinggi,Sumatera Barat,1.13,0.019999999999999796,0.5102797483435595,-0.6543529408305521,Terindikasi Deforestasi
60,2024,1375,Kota Bukittinggi,Sumatera Barat,1.14,0.010000000000000009,0.49286614430429493,-0.6543529408305521,Terindikasi Deforestasi
56,2020,1376,Kota Payakumbuh,Sumatera Barat,1.48,,0.6398632235784164,-0.7429093710724515,Terindikasi Deforestasi
57,2021,1376,Kota Payakumbuh,Sumatera Barat,1.63,0.1499999999999999,0.6067833210279572,-0.7429093710724515,Terindikasi Deforestasi
58,2022,1376,Kota Payakumbuh,Sumatera Barat,1.61,-0.019999999999999796,0.6147066377989789,-0.7429093710724515,Terindikasi Deforestasi
59,2023,1376,Kota Payakumbuh,Sumatera Barat,1.71,0.09999999999999987,0.6203167115223605,-0.7429093710724515,Terindikasi Deforestasi
60,2024,1376,Kota Payakumbuh,Sumatera Barat,1.71,0.0,0.60989953145941,-0.7429093710724515,Terindikasi Deforestasi
56,2020,1377,Kota Pariaman,Sumatera Barat,1.0,,0.6865596245854604,-0.7497868021794846,Terindikasi Deforestasi
57,2021,1377,Kota Pariaman,Sumatera Barat,1.09,0.09000000000000008,0.674048493157388,-0.7497868021794846,Terindikasi Deforestasi
58,2022,1377,Kota Pariaman,Sumatera Barat,1.09,0.0,0.6527635878475098,-0.7497868021794846,Terindikasi Deforestasi
59,2023,1377,Kota Pariaman,Sumatera Barat,1.1,0.010000000000000009,0.6683561293490334,-0.7497868021794846,Terindikasi Deforestasi
60,2024,1377,Kota Pariaman,Sumatera Barat,1.08,-0.020000000000000018,0.6661061780774288,-0.7497868021794846,Terindikasi Deforestasi
56,2020,1401,Kuantan Singingi,Riau,235.3,,0.6996130057057628,-0.9208942729443947,Terindikasi Deforestasi
57,2021,1401,Kuantan Singingi,Riau,236.87,1.5699999999999932,0.6781423153919608,-0.9208942729443947,Terindikasi Deforestasi
58,2022,1401,Kuantan Singingi,Riau,238.18,1.3100000000000023,0.7005251183093605,-0.9208942729443947,Terindikasi Deforestasi
59,2023,1401,Kuantan Singingi,Riau,278.3,40.120000000000005,0.6546712210151409,-0.9208942729443947,Terindikasi Deforestasi
60,2024,1401,Kuantan Singingi,Riau,286.08,7.779999999999973,0.652131344328372,-0.9208942729443947,Terindikasi Deforestasi
56,2020,1402,Indragiri Hulu,Riau,298.19,,0.685784293147642,-0.803215891525228,Terindikasi Deforestasi
57,2021,1402,Indragiri Hulu,Riau,294.05,-4.139999999999986,0.6820537650479419,-0.803215891525228,Terindikasi Deforestasi
58,2022,1402,Indragiri Hulu,Riau,298.65,4.599999999999966,0.6688051822086186,-0.803215891525228,Terindikasi Deforestasi
59,2023,1402,Indragiri Hulu,Riau,366.8,68.15000000000003,0.6628002145117302,-0.803215891525228,Terindikasi Deforestasi
60,2024,1402,Indragiri Hulu,Riau,346.86,-19.939999999999998,0.6586526243248135,-0.803215891525228,Terindikasi Deforestasi
56,2020,1403,Indragiri Hilir,Riau,348.57,,0.6686609506082888,0.16294231700263714,Tidak Deforestasi
57,2021,1403,Indragiri Hilir,Riau,350.0,1.4300000000000068,0.6727444838869798,0.16294231700263714,Tidak Deforestasi
58,2022,1403,Indragiri Hilir,Riau,339.95,-10.050000000000011,0.6689321433811363,0.16294231700263714,Tidak Deforestasi
59,2023,1403,Indragiri Hilir,Riau,400.95,61.0,0.6647723381299009,0.16294231700263714,Tidak Deforestasi
60,2024,1403,Indragiri Hilir,Riau,405.46,4.509999999999991,0.6770248851758507,0.16294231700263714,Tidak Deforestasi
56,2020,1404,Pelalawan,Riau,299.52,,0.6994203803803547,-0.9495011278559154,Terindikasi Deforestasi
57,2021,1404,Pelalawan,Riau,303.11,3.590000000000032,0.6947648909599982,-0.9495011278559154,Terindikasi Deforestasi
58,2022,1404,Pelalawan,Riau,326.31,23.19999999999999,0.6937838882838279,-0.9495011278559154,Terindikasi Deforestasi
59,2023,1404,Pelalawan,Riau,383.02,56.70999999999998,0.6804159705725503,-0.9495011278559154,Terindikasi Deforestasi
60,2024,1404,Pelalawan,Riau,379.24,-3.7799999999999727,0.6731857699612172,-0.9495011278559154,Terindikasi Deforestasi
56,2020,1405,Siak,Riau,320.21,,0.6980778753251051,-0.7748954554810163,Terindikasi Deforestasi
57,2021,1405,Siak,Riau,324.28,4.069999999999993,0.7259566507143892,-0.7748954554810163,Terindikasi Deforestasi
58,2022,1405,Siak,Riau,320.24,-4.039999999999964,0.7231051359108027,-0.7748954554810163,Terindikasi Deforestasi
59,2023,1405,Siak,Riau,400.2,79.95999999999998,0.6905883767042313,-0.7748954554810163,Terindikasi Deforestasi
60,2024,1405,Siak,Riau,390.65,-9.550000000000011,0.688693124115644,-0.7748954554810163,Terindikasi Deforestasi
56,2020,1406,Kampar,Riau,363.12,,0.705351850585384,-0.9360961359310975,Terindikasi Deforestasi
57,2021,1406,Kampar,Riau,363.12,0.0,0.7165510058708027,-0.9360961359310975,Terindikasi Deforestasi
58,2022,1406,Kampar,Riau,351.82,-11.300000000000011,0.7256745804205531,-0.9360961359310975,Terindikasi Deforestasi
59,2023,1406,Kampar,Riau,417.02,65.19999999999999,0.6915689472765791,-0.9360961359310975,Terindikasi Deforestasi
60,2024,1406,Kampar,Riau,423.5,6.480000000000018,0.6881012206758057,-0.9360961359310975,Terindikasi Deforestasi
56,2020,1407,Rokan Hulu,Riau,323.87,,0.7221857182303814,-0.36833211623510415,Terindikasi Deforestasi
57,2021,1407,Rokan Hulu,Riau,327.78,3.909999999999968,0.736629214262329,-0.36833211623510415,Terindikasi Deforestasi
58,2022,1407,Rokan Hulu,Riau,305.5,-22.279999999999973,0.7420137629273044,-0.36833211623510415,Terindikasi Deforestasi
59,2023,1407,Rokan Hulu,Riau,370.26,64.75999999999999,0.7262295779149758,-0.36833211623510415,Terindikasi Deforestasi
60,2024,1407,Rokan Hulu,Riau,378.6,8.340000000000032,0.733253079037324,-0.36833211623510415,Terindikasi Deforestasi
56,2020,1408,Bengkalis,Riau,209.97,,0.6857406987363854,-0.5809632458396052,Terindikasi Deforestasi
57,2021,1408,Bengkalis,Riau,209.78,-0.18999999999999773,0.7096310472035271,-0.5809632458396052,Terindikasi Deforestasi
58,2022,1408,Bengkalis,Riau,221.93,12.150000000000006,0.7004819921814642,-0.5809632458396052,Terindikasi Deforestasi
59,2023,1408,Bengkalis,Riau,258.67,36.74000000000001,0.6835652045233497,-0.5809632458396052,Terindikasi Deforestasi
60,2024,1408,Bengkalis,Riau,232.49,-26.180000000000007,0.6883526499276585,-0.5809632458396052,Terindikasi Deforestasi
56,2020,1409,Rokan Hilir,Riau,301.15,,0.6848594449985016,0.10430414102445083,Tidak Deforestasi
57,2021,1409,Rokan Hilir,Riau,297.16,-3.9899999999999523,0.7023248348634844,0.10430414102445083,Tidak Deforestasi
58,2022,1409,Rokan Hilir,Riau,301.8,4.639999999999986,0.7134009039985519,0.10430414102445083,Tidak Deforestasi
59,2023,1409,Rokan Hilir,Riau,339.04,37.24000000000001,0.7050734738665471,0.10430414102445083,Tidak Deforestasi
60,2024,1409,Rokan Hilir,Riau,340.06,1.0199999999999818,0.6994209513680752,0.10430414102445083,Tidak Deforestasi
56,2020,1410,Kepulauan Meranti,Riau,101.51,,0.7045719791397248,-0.7362373994105248,Terindikasi Deforestasi
57,2021,1410,Kepulauan Meranti,Riau,102.17,0.6599999999999966,0.7503429183562289,-0.7362373994105248,Terindikasi Deforestasi
58,2022,1410,Kepulauan Meranti,Riau,111.35,9.179999999999993,0.7161292033031661,-0.7362373994105248,Terindikasi Deforestasi
59,2023,1410,Kepulauan Meranti,Riau,125.96,14.61,0.6914806238779374,-0.7362373994105248,Terindikasi Deforestasi
60,2024,1410,Kepulauan Meranti,Riau,126.15,0.19000000000001194,0.6908495675312772,-0.7362373994105248,Terindikasi Deforestasi
56,2020,1471,Kota Pekanbaru,Riau,21.44,,0.5961934293707543,-0.7456565211047071,Terindikasi Deforestasi
57,2021,1471,Kota Pekanbaru,Riau,21.74,0.29999999999999716,0.626025323493062,-0.7456565211047071,Terindikasi Deforestasi
58,2022,1471,Kota Pekanbaru,Riau,21.63,-0.10999999999999943,0.6322357338596796,-0.7456565211047071,Terindikasi Deforestasi
59,2023,1471,Kota Pekanbaru,Riau,24.62,2.990000000000002,0.5752624705545406,-0.7456565211047071,Terindikasi Deforestasi
60,2024,1471,Kota Pekanbaru,Riau,24.2,-0.4200000000000017,0.5959026457474716,-0.7456565211047071,Terindikasi Deforestasi
56,2020,1501,Kerinci,Jambi,22.01,,0.6902186205310235,0.8316502012830533,Tidak Deforestasi
57,2021,1501,Kerinci,Jambi,22.19,0.17999999999999972,0.7003266459339763,0.8316502012830533,Tidak Deforestasi
58,2022,1501,Kerinci,Jambi,22.26,0.07000000000000028,0.7117482806627964,0.8316502012830533,Tidak Deforestasi
59,2023,1501,Kerinci,Jambi,19.87,-2.3900000000000006,0.6851134715535767,0.8316502012830533,Tidak Deforestasi
60,2024,1501,Kerinci,Jambi,19.75,-0.120000000000001,0.6796118625697503,0.8316502012830533,Tidak Deforestasi
56,2020,1502,Merangin,Jambi,97.58,,0.6887657480574808,0.7834609452471596,Tidak Deforestasi
57,2021,1502,Merangin,Jambi,100.06,2.480000000000004,0.7017877705627317,0.7834609452471596,Tidak Deforestasi
58,2022,1502,Merangin,Jambi,103.19,3.1299999999999955,0.6937793122460663,0.7834609452471596,Tidak Deforestasi
59,2023,1502,Merangin,Jambi,88.34,-14.849999999999994,0.684942596762043,0.7834609452471596,Tidak Deforestasi
60,2024,1502,Merangin,Jambi,90.86,2.519999999999996,0.6831228929897173,0.7834609452471596,Tidak Deforestasi
56,2020,1503,Sarolangun,Jambi,120.34,,0.668980437551354,0.7784017770934254,Tidak Deforestasi
57,2021,1503,Sarolangun,Jambi,123.62,3.280000000000001,0.6808801434428,0.7784017770934254,Tidak Deforestasi
58,2022,1503,Sarolangun,Jambi,114.77,-8.850000000000009,0.6721382284158746,0.7784017770934254,Tidak Deforestasi
59,2023,1503,Sarolangun,Jambi,106.39,-8.379999999999995,0.6658084627286696,0.7784017770934254,Tidak Deforestasi
60,2024,1503,Sarolangun,Jambi,100.42,-5.969999999999999,0.6663991576264436,0.7784017770934254,Tidak Deforestasi
56,2020,1504,Batanghari,Jambi,124.88,,0.647032509821439,0.7699405942932301,Tidak Deforestasi
57,2021,1504,Batanghari,Jambi,127.96,3.0799999999999983,0.6621905378276504,0.7699405942932301,Tidak Deforestasi
58,2022,1504,Batanghari,Jambi,131.2,3.239999999999995,0.6580765536546146,0.7699405942932301,Tidak Deforestasi
59,2023,1504,Batanghari,Jambi,116.5,-14.699999999999989,0.6350059938378743,0.7699405942932301,Tidak Deforestasi
60,2024,1504,Batanghari,Jambi,114.24,-2.260000000000005,0.6475479228968128,0.7699405942932301,Tidak Deforestasi
56,2020,1505,Muaro Jambi,Jambi,148.29,,0.6477226309638563,0.5899542999579158,Tidak Deforestasi
57,2021,1505,Muaro Jambi,Jambi,148.81,0.5200000000000102,0.6474760396584024,0.5899542999579158,Tidak Deforestasi
58,2022,1505,Muaro Jambi,Jambi,141.61,-7.199999999999989,0.6618100537493549,0.5899542999579158,Tidak Deforestasi
59,2023,1505,Muaro Jambi,Jambi,124.8,-16.810000000000016,0.5987262383063799,0.5899542999579158,Tidak Deforestasi
60,2024,1505,Muaro Jambi,Jambi,128.1,3.299999999999997,0.6525971691534861,0.5899542999579158,Tidak Deforestasi
56,2020,1506,Tanjung Jabung Timur,Jambi,141.59,,0.6733166890517936,0.7798412466982874,Tidak Deforestasi
57,2021,1506,Tanjung Jabung Timur,Jambi,141.17,-0.4200000000000159,0.6588786348615633,0.7798412466982874,Tidak Deforestasi
58,2022,1506,Tanjung Jabung Timur,Jambi,140.01,-1.1599999999999966,0.664844486498671,0.7798412466982874,Tidak Deforestasi
59,2023,1506,Tanjung Jabung Timur,Jambi,120.46,-19.549999999999997,0.6346535646984978,0.7798412466982874,Tidak Deforestasi
60,2024,1506,Tanjung Jabung Timur,Jambi,124.22,3.760000000000005,0.6598947762366008,0.7798412466982874,Tidak Deforestasi
56,2020,1507,Tanjung Jabung Barat,Jambi,146.06,,0.6660946064166903,0.8916740808866535,Tidak Deforestasi
57,2021,1507,Tanjung Jabung Barat,Jambi,147.78,1.7199999999999989,0.6553613882432898,0.8916740808866535,Tidak Deforestasi
58,2022,1507,Tanjung Jabung Barat,Jambi,152.34,4.560000000000002,0.6744905578240784,0.8916740808866535,Tidak Deforestasi
59,2023,1507,Tanjung Jabung Barat,Jambi,129.38,-22.960000000000008,0.628855470230802,0.8916740808866535,Tidak Deforestasi
60,2024,1507,Tanjung Jabung Barat,Jambi,135.19,5.810000000000002,0.6541032896178157,0.8916740808866535,Tidak Deforestasi
56,2020,1508,Tebo,Jambi,127.86,,0.658325924131254,0.8354627045252926,Tidak Deforestasi
57,2021,1508,Tebo,Jambi,131.26,3.3999999999999915,0.674430535559351,0.8354627045252926,Tidak Deforestasi
58,2022,1508,Tebo,Jambi,128.75,-2.509999999999991,0.6583960537904668,0.8354627045252926,Tidak Deforestasi
59,2023,1508,Tebo,Jambi,119.26,-9.489999999999995,0.6391872880076013,0.8354627045252926,Tidak Deforestasi
60,2024,1508,Tebo,Jambi,117.61,-1.6500000000000057,0.6515504596741942,0.8354627045252926,Tidak Deforestasi
56,2020,1509,Bungo,Jambi,122.88,,0.6732419288263373,0.7204330137918828,Tidak Deforestasi
57,2021,1509,Bungo,Jambi,124.53,1.6500000000000057,0.6953061663412328,0.7204330137918828,Tidak Deforestasi
58,2022,1509,Bungo,Jambi,121.73,-2.799999999999997,0.6668980311919919,0.7204330137918828,Tidak Deforestasi
59,2023,1509,Bungo,Jambi,113.1,-8.63000000000001,0.662977647960686,0.7204330137918828,Tidak Deforestasi
60,2024,1509,Bungo,Jambi,111.44,-1.6599999999999966,0.664520442509703,0.7204330137918828,Tidak Deforestasi
56,2020,1571,Kota Jambi,Jambi,12.22,,0.4731974369266445,0.6488487641029616,Tidak Deforestasi
57,2021,1571,Kota Jambi,Jambi,12.09,-0.13000000000000078,0.45171476072155176,0.6488487641029616,Tidak Deforestasi
58,2022,1571,Kota Jambi,Jambi,11.78,-0.3100000000000005,0.47555197652075204,0.6488487641029616,Tidak Deforestasi
59,2023,1571,Kota Jambi,Jambi,10.15,-1.629999999999999,0.4447208063214234,0.6488487641029616,Tidak Deforestasi
60,2024,1571,Kota Jambi,Jambi,10.73,0.5800000000000001,0.4576741177914121,0.6488487641029616,Tidak Deforestasi
56,2020,1572,Kota Sungai Penuh,Jambi,4.4,,0.7214959882729732,0.8437746470812684,Tidak Deforestasi
57,2021,1572,Kota Sungai Penuh,Jambi,4.43,0.02999999999999936,0.7288876073282823,0.8437746470812684,Tidak Deforestasi
58,2022,1572,Kota Sungai Penuh,Jambi,4.36,-0.0699999999999994,0.7119525864544736,0.8437746470812684,Tidak Deforestasi
59,2023,1572,Kota Sungai Penuh,Jambi,3.9,-0.4600000000000004,0.6939016083762946,0.8437746470812684,Tidak Deforestasi
60,2024,1572,Kota Sungai Penuh,Jambi,3.89,-0.009999999999999787,0.7080399447305331,0.8437746470812684,Tidak Deforestasi
56,2020,1601,Ogan Komering Ulu,Sumatera Selatan,60.36,,0.7193838667173234,-0.5139703105672625,Terindikasi Deforestasi
57,2021,1601,Ogan Komering Ulu,Sumatera Selatan,52.35,-8.009999999999998,0.7417638923990248,-0.5139703105672625,Terindikasi Deforestasi
58,2022,1601,Ogan Komering Ulu,Sumatera Selatan,53.78,1.4299999999999997,0.7558853276780552,-0.5139703105672625,Terindikasi Deforestasi
59,2023,1601,Ogan Komering Ulu,Sumatera Selatan,57.18,3.3999999999999986,0.7286243501816484,-0.5139703105672625,Terindikasi Deforestasi
60,2024,1601,Ogan Komering Ulu,Sumatera Selatan,64.65,7.470000000000006,0.7371119936887718,-0.5139703105672625,Terindikasi Deforestasi
56,2020,1602,Ogan Komering Ilir,Sumatera Selatan,152.61,,0.6305141840035284,0.5543159716798673,Tidak Deforestasi
57,2021,1602,Ogan Komering Ilir,Sumatera Selatan,132.93,-19.680000000000007,0.6296449159245902,0.5543159716798673,Tidak Deforestasi
58,2022,1602,Ogan Komering Ilir,Sumatera Selatan,148.12,15.189999999999998,0.6460094964814612,0.5543159716798673,Tidak Deforestasi
59,2023,1602,Ogan Komering Ilir,Sumatera Selatan,159.41,11.289999999999992,0.6387260436185433,0.5543159716798673,Tidak Deforestasi
60,2024,1602,Ogan Komering Ilir,Sumatera Selatan,158.77,-0.6399999999999864,0.6622564520738512,0.5543159716798673,Tidak Deforestasi
56,2020,1603,Muara Enim,Sumatera Selatan,87.68,,0.6767418209454356,-0.38285812696582955,Terindikasi Deforestasi
57,2021,1603,Muara Enim,Sumatera Selatan,79.02,-8.66000000000001,0.7016817856216387,-0.38285812696582955,Terindikasi Deforestasi
58,2022,1603,Muara Enim,Sumatera Selatan,88.04,9.02000000000001,0.7095942986127651,-0.38285812696582955,Terindikasi Deforestasi
59,2023,1603,Muara Enim,Sumatera Selatan,95.69,7.6499999999999915,0.6872766917719613,-0.38285812696582955,Terindikasi Deforestasi
60,2024,1603,Muara Enim,Sumatera Selatan,96.41,0.7199999999999989,0.6903959958950192,-0.38285812696582955,Terindikasi Deforestasi
56,2020,1604,Lahat,Sumatera Selatan,56.68,,0.7164344772946073,0.05441442139896624,Tidak Deforestasi
57,2021,1604,Lahat,Sumatera Selatan,49.65,-7.030000000000001,0.7238165909985084,0.05441442139896624,Tidak Deforestasi
58,2022,1604,Lahat,Sumatera Selatan,55.83,6.18,0.7265721616232547,0.05441442139896624,Tidak Deforestasi
59,2023,1604,Lahat,Sumatera Selatan,60.67,4.840000000000003,0.717463628806055,0.05441442139896624,Tidak Deforestasi
60,2024,1604,Lahat,Sumatera Selatan,60.62,-0.05000000000000426,0.7324972647459297,0.05441442139896624,Tidak Deforestasi
56,2020,1605,Musi Rawas,Sumatera Selatan,116.18,,0.6915514263594611,-0.49990109840209085,Terindikasi Deforestasi
57,2021,1605,Musi Rawas,Sumatera Selatan,101.92,-14.260000000000005,0.7088307674146797,-0.49990109840209085,Terindikasi Deforestasi
58,2022,1605,Musi Rawas,Sumatera Selatan,108.43,6.510000000000005,0.7066996164058328,-0.49990109840209085,Terindikasi Deforestasi
59,2023,1605,Musi Rawas,Sumatera Selatan,117.7,9.269999999999996,0.7087665212363183,-0.49990109840209085,Terindikasi Deforestasi
60,2024,1605,Musi Rawas,Sumatera Selatan,121.5,3.799999999999997,0.6999165270159176,-0.49990109840209085,Terindikasi Deforestasi
56,2020,1606,Musi Banyuasin,Sumatera Selatan,145.47,,0.6764988827999041,-0.3209415462068649,Terindikasi Deforestasi
57,2021,1606,Musi Banyuasin,Sumatera Selatan,128.35,-17.120000000000005,0.6818600830522015,-0.3209415462068649,Terindikasi Deforestasi
58,2022,1606,Musi Banyuasin,Sumatera Selatan,133.37,5.02000000000001,0.6842490303025273,-0.3209415462068649,Terindikasi Deforestasi
59,2023,1606,Musi Banyuasin,Sumatera Selatan,145.84,12.469999999999999,0.6328212327505178,-0.3209415462068649,Terindikasi Deforestasi
60,2024,1606,Musi Banyuasin,Sumatera Selatan,151.22,5.3799999999999955,0.6835240547433806,-0.3209415462068649,Terindikasi Deforestasi
56,2020,1607,Banyuasin,Sumatera Selatan,126.23,,0.6200533657674256,-0.026591928960567557,Terindikasi Deforestasi
57,2021,1607,Banyuasin,Sumatera Selatan,112.59,-13.64,0.6240447843978956,-0.026591928960567557,Terindikasi Deforestasi
58,2022,1607,Banyuasin,Sumatera Selatan,114.42,1.8299999999999983,0.6282793184641176,-0.026591928960567557,Terindikasi Deforestasi
59,2023,1607,Banyuasin,Sumatera Selatan,137.43,23.010000000000005,0.5964417458513257,-0.026591928960567557,Terindikasi Deforestasi
60,2024,1607,Banyuasin,Sumatera Selatan,138.99,1.5600000000000023,0.6502333233784454,-0.026591928960567557,Terindikasi Deforestasi
56,2020,1608,Ogan Komering Ulu Selatan,Sumatera Selatan,70.06,,0.6918871346218451,-0.3585297405690616,Terindikasi Deforestasi
57,2021,1608,Ogan Komering Ulu Selatan,Sumatera Selatan,61.56,-8.5,0.7318325101638803,-0.3585297405690616,Terindikasi Deforestasi
58,2022,1608,Ogan Komering Ulu Selatan,Sumatera Selatan,67.42,5.859999999999999,0.7319638649571055,-0.3585297405690616,Terindikasi Deforestasi
59,2023,1608,Ogan Komering Ulu Selatan,Sumatera Selatan,68.65,1.230000000000004,0.7241035939505027,-0.3585297405690616,Terindikasi Deforestasi
60,2024,1608,Ogan Komering Ulu Selatan,Sumatera Selatan,77.51,8.86,0.7202830494973346,-0.3585297405690616,Terindikasi Deforestasi
56,2020,1609,Ogan Komering Ulu Timur,Sumatera Selatan,87.39,,0.6393507192151174,-0.10464130533091472,Terindikasi Deforestasi
57,2021,1609,Ogan Komering Ulu Timur,Sumatera Selatan,78.44,-8.950000000000003,0.6435844840887001,-0.10464130533091472,Terindikasi Deforestasi
58,2022,1609,Ogan Komering Ulu Timur,Sumatera Selatan,83.53,5.090000000000003,0.6775897479086895,-0.10464130533091472,Terindikasi Deforestasi
59,2023,1609,Ogan Komering Ulu Timur,Sumatera Selatan,86.22,2.6899999999999977,0.642557369275008,-0.10464130533091472,Terindikasi Deforestasi
60,2024,1609,Ogan Komering Ulu Timur,Sumatera Selatan,91.44,5.219999999999999,0.6504686804278347,-0.10464130533091472,Terindikasi Deforestasi
56,2020,1610,Ogan Ilir,Sumatera Selatan,70.14,,0.618643674403643,-0.3028793335051052,Terindikasi Deforestasi
57,2021,1610,Ogan Ilir,Sumatera Selatan,62.14,-8.0,0.6208783168569176,-0.3028793335051052,Terindikasi Deforestasi
58,2022,1610,Ogan Ilir,Sumatera Selatan,63.47,1.3299999999999983,0.6477875310130146,-0.3028793335051052,Terindikasi Deforestasi
59,2023,1610,Ogan Ilir,Sumatera Selatan,73.34,9.870000000000005,0.6119442827511281,-0.3028793335051052,Terindikasi Deforestasi
60,2024,1610,Ogan Ilir,Sumatera Selatan,75.16,1.8199999999999932,0.6345949404546789,-0.3028793335051052,Terindikasi Deforestasi
56,2020,1611,Empat Lawang,Sumatera Selatan,44.95,,0.7131608891179851,0.5109750800929629,Tidak Deforestasi
57,2021,1611,Empat Lawang,Sumatera Selatan,39.79,-5.160000000000004,0.727269970363042,0.5109750800929629,Tidak Deforestasi
58,2022,1611,Empat Lawang,Sumatera Selatan,44.06,4.270000000000003,0.7298598771099349,0.5109750800929629,Tidak Deforestasi
59,2023,1611,Empat Lawang,Sumatera Selatan,49.62,5.559999999999995,0.7365797001797191,0.5109750800929629,Tidak Deforestasi
60,2024,1611,Empat Lawang,Sumatera Selatan,48.2,-1.4199999999999946,0.7446636350473752,0.5109750800929629,Tidak Deforestasi
56,2020,1612,Penukal Abab Lematang Ilir,Sumatera Selatan,83.43,,0.6693631152235194,-0.749315099889379,Terindikasi Deforestasi
57,2021,1612,Penukal Abab Lematang Ilir,Sumatera Selatan,72.41,-11.02000000000001,0.6964747403142505,-0.749315099889379,Terindikasi Deforestasi
58,2022,1612,Penukal Abab Lematang Ilir,Sumatera Selatan,78.55,6.140000000000001,0.7028337263165061,-0.749315099889379,Terindikasi Deforestasi
59,2023,1612,Penukal Abab Lematang Ilir,Sumatera Selatan,86.47,7.920000000000002,0.6563569767387551,-0.749315099889379,Terindikasi Deforestasi
60,2024,1612,Penukal Abab Lematang Ilir,Sumatera Selatan,89.19,2.719999999999999,0.6763568067056889,-0.749315099889379,Terindikasi Deforestasi
56,2020,1613,Musi Rawas Utara,Sumatera Selatan,74.37,,0.6859810592088669,-0.5104090581245743,Terindikasi Deforestasi
57,2021,1613,Musi Rawas Utara,Sumatera Selatan,64.74,-9.63000000000001,0.7007497051625428,-0.5104090581245743,Terindikasi Deforestasi
58,2022,1613,Musi Rawas Utara,Sumatera Selatan,71.14,6.400000000000006,0.7079327256039981,-0.5104090581245743,Terindikasi Deforestasi
59,2023,1613,Musi Rawas Utara,Sumatera Selatan,76.64,5.5,0.6971535055354054,-0.5104090581245743,Terindikasi Deforestasi
60,2024,1613,Musi Rawas Utara,Sumatera Selatan,84.67,8.030000000000001,0.6917119896071786,-0.5104090581245743,Terindikasi Deforestasi
56,2020,1671,Kota Palembang,Sumatera Selatan,5.96,,0.44029642090817617,0.010644488450339619,Tidak Deforestasi
57,2021,1671,Kota Palembang,Sumatera Selatan,5.32,-0.6399999999999997,0.44218670005300764,0.010644488450339619,Tidak Deforestasi
58,2022,1671,Kota Palembang,Sumatera Selatan,5.49,0.16999999999999993,0.4432087885905683,0.010644488450339619,Tidak Deforestasi
59,2023,1671,Kota Palembang,Sumatera Selatan,5.81,0.3199999999999994,0.4181902430084058,0.010644488450339619,Tidak Deforestasi
60,2024,1671,Kota Palembang,Sumatera Selatan,6.21,0.40000000000000036,0.44678198166519206,0.010644488450339619,Tidak Deforestasi
56,2020,1672,Kota Prabumulih,Sumatera Selatan,9.14,,0.6700084964956764,-0.6468860112614868,Terindikasi Deforestasi
57,2021,1672,Kota Prabumulih,Sumatera Selatan,8.08,-1.0600000000000005,0.6808094092671814,-0.6468860112614868,Terindikasi Deforestasi
58,2022,1672,Kota Prabumulih,Sumatera Selatan,8.4,0.3200000000000003,0.7034400081020191,-0.6468860112614868,Terindikasi Deforestasi
59,2023,1672,Kota Prabumulih,Sumatera Selatan,9.39,0.9900000000000002,0.6613013531105603,-0.6468860112614868,Terindikasi Deforestasi
60,2024,1672,Kota Prabumulih,Sumatera Selatan,9.46,0.07000000000000028,0.6776889855516594,-0.6468860112614868,Terindikasi Deforestasi
56,2020,1673,Kota Pagar Alam,Sumatera Selatan,4.85,,0.7122657276580184,0.5310808814048926,Tidak Deforestasi
57,2021,1673,Kota Pagar Alam,Sumatera Selatan,4.34,-0.5099999999999998,0.6986860409393024,0.5310808814048926,Tidak Deforestasi
58,2022,1673,Kota Pagar Alam,Sumatera Selatan,4.49,0.15000000000000036,0.6808504815353473,0.5310808814048926,Tidak Deforestasi
59,2023,1673,Kota Pagar Alam,Sumatera Selatan,4.77,0.27999999999999936,0.6838053540510537,0.5310808814048926,Tidak Deforestasi
60,2024,1673,Kota Pagar Alam,Sumatera Selatan,5.14,0.3700000000000001,0.7092372476285215,0.5310808814048926,Tidak Deforestasi
56,2020,1674,Kota Lubuk Linggau,Sumatera Selatan,5.72,,0.6969592824680491,-0.11342420645623352,Terindikasi Deforestasi
57,2021,1674,Kota Lubuk Linggau,Sumatera Selatan,4.97,-0.75,0.7156109583494463,-0.11342420645623352,Terindikasi Deforestasi
58,2022,1674,Kota Lubuk Linggau,Sumatera Selatan,5.66,0.6900000000000004,0.6867412501468118,-0.11342420645623352,Terindikasi Deforestasi
59,2023,1674,Kota Lubuk Linggau,Sumatera Selatan,6.26,0.5999999999999996,0.7139443031002413,-0.11342420645623352,Terindikasi Deforestasi
60,2024,1674,Kota Lubuk Linggau,Sumatera Selatan,6.08,-0.17999999999999972,0.7026617789621901,-0.11342420645623352,Terindikasi Deforestasi
56,2020,1701,Bengkulu Selatan,Bengkulu,28.68,,0.7927844692820656,-0.6755304227303822,Terindikasi Deforestasi
57,2021,1701,Bengkulu Selatan,Bengkulu,27.75,-0.9299999999999997,0.7919073312522564,-0.6755304227303822,Terindikasi Deforestasi
58,2022,1701,Bengkulu Selatan,Bengkulu,36.2,8.450000000000003,0.7668421934901557,-0.6755304227303822,Terindikasi Deforestasi
59,2023,1701,Bengkulu Selatan,Bengkulu,34.93,-1.2700000000000031,0.767164163140853,-0.6755304227303822,Terindikasi Deforestasi
60,2024,1701,Bengkulu Selatan,Bengkulu,37.07,2.1400000000000006,0.7871404236248682,-0.6755304227303822,Terindikasi Deforestasi
56,2020,1702,Rejang Lebong,Bengkulu,16.74,,0.681929631191559,0.5760443201650921,Tidak Deforestasi
57,2021,1702,Rejang Lebong,Bengkulu,16.57,-0.16999999999999815,0.6870411845300985,0.5760443201650921,Tidak Deforestasi
58,2022,1702,Rejang Lebong,Bengkulu,20.64,4.07,0.6757641574486286,0.5760443201650921,Tidak Deforestasi
59,2023,1702,Rejang Lebong,Bengkulu,21.22,0.5799999999999983,0.6986834396984959,0.5760443201650921,Tidak Deforestasi
60,2024,1702,Rejang Lebong,Bengkulu,21.85,0.6300000000000026,0.7307019202927095,0.5760443201650921,Tidak Deforestasi
56,2020,1703,Bengkulu Utara,Bengkulu,62.97,,0.8028451740820923,-0.7269212507535533,Terindikasi Deforestasi
57,2021,1703,Bengkulu Utara,Bengkulu,61.49,-1.4799999999999969,0.787391467240911,-0.7269212507535533,Terindikasi Deforestasi
58,2022,1703,Bengkulu Utara,Bengkulu,76.71,15.219999999999992,0.7700034474852487,-0.7269212507535533,Terindikasi Deforestasi
59,2023,1703,Bengkulu Utara,Bengkulu,77.36,0.6500000000000057,0.7519122352598248,-0.7269212507535533,Terindikasi Deforestasi
60,2024,1703,Bengkulu Utara,Bengkulu,76.15,-1.2099999999999937,0.7873006596196493,-0.7269212507535533,Terindikasi Deforestasi
56,2020,1704,Kaur,Bengkulu,30.09,,0.7644008555077203,-0.6047712845940654,Terindikasi Deforestasi
57,2021,1704,Kaur,Bengkulu,29.42,-0.6699999999999982,0.7954493524949542,-0.6047712845940654,Terindikasi Deforestasi
58,2022,1704,Kaur,Bengkulu,40.59,11.170000000000002,0.7562894513681099,-0.6047712845940654,Terindikasi Deforestasi
59,2023,1704,Kaur,Bengkulu,38.53,-2.0600000000000023,0.7599389281169753,-0.6047712845940654,Terindikasi Deforestasi
60,2024,1704,Kaur,Bengkulu,40.67,2.1400000000000006,0.7721711254313988,-0.6047712845940654,Terindikasi Deforestasi
56,2020,1705,Seluma,Bengkulu,43.29,,0.7861854723431692,-0.4948389678244115,Terindikasi Deforestasi
57,2021,1705,Seluma,Bengkulu,43.1,-0.18999999999999773,0.7935931643047778,-0.4948389678244115,Terindikasi Deforestasi
58,2022,1705,Seluma,Bengkulu,54.91,11.809999999999995,0.7659586000083464,-0.4948389678244115,Terindikasi Deforestasi
59,2023,1705,Seluma,Bengkulu,58.9,3.990000000000002,0.7604991826358041,-0.4948389678244115,Terindikasi Deforestasi
60,2024,1705,Seluma,Bengkulu,57.6,-1.2999999999999972,0.7970045014208043,-0.4948389678244115,Terindikasi Deforestasi
56,2020,1706,Muko Muko,Bengkulu,64.15,,0.826113551241866,-0.8510040290852613,Terindikasi Deforestasi
57,2021,1706,Muko Muko,Bengkulu,62.33,-1.8200000000000074,0.8129412477104351,-0.8510040290852613,Terindikasi Deforestasi
58,2022,1706,Muko Muko,Bengkulu,86.2,23.870000000000005,0.801200644274843,-0.8510040290852613,Terindikasi Deforestasi
59,2023,1706,Muko Muko,Bengkulu,88.03,1.8299999999999983,0.7894849951550136,-0.8510040290852613,Terindikasi Deforestasi
60,2024,1706,Muko Muko,Bengkulu,90.41,2.3799999999999955,0.8013218090550419,-0.8510040290852613,Terindikasi Deforestasi
56,2020,1707,Lebong,Bengkulu,19.57,,0.7535564975036351,-0.2212904237193769,Terindikasi Deforestasi
57,2021,1707,Lebong,Bengkulu,19.18,-0.39000000000000057,0.7355654098690041,-0.2212904237193769,Terindikasi Deforestasi
58,2022,1707,Lebong,Bengkulu,24.87,5.690000000000001,0.7294618376856092,-0.2212904237193769,Terindikasi Deforestasi
59,2023,1707,Lebong,Bengkulu,24.09,-0.7800000000000011,0.736357279300443,-0.2212904237193769,Terindikasi Deforestasi
60,2024,1707,Lebong,Bengkulu,25.93,1.8399999999999999,0.7484321714158833,-0.2212904237193769,Terindikasi Deforestasi
56,2020,1708,Kepahiang,Bengkulu,23.06,,0.7712352966262987,-0.12090610369232528,Terindikasi Deforestasi
57,2021,1708,Kepahiang,Bengkulu,22.39,-0.6699999999999982,0.7524614056709552,-0.12090610369232528,Terindikasi Deforestasi
58,2022,1708,Kepahiang,Bengkulu,28.14,5.75,0.7481478212481298,-0.12090610369232528,Terindikasi Deforestasi
59,2023,1708,Kepahiang,Bengkulu,28.08,-0.060000000000002274,0.7511850913166778,-0.12090610369232528,Terindikasi Deforestasi
60,2024,1708,Kepahiang,Bengkulu,27.72,-0.35999999999999943,0.7778251538586982,-0.12090610369232528,Terindikasi Deforestasi
56,2020,1709,Bengkulu Tengah,Bengkulu,33.45,,0.8126787249973273,-0.480554481793231,Terindikasi Deforestasi
57,2021,1709,Bengkulu Tengah,Bengkulu,32.8,-0.6500000000000057,0.8017236072785309,-0.480554481793231,Terindikasi Deforestasi
58,2022,1709,Bengkulu Tengah,Bengkulu,44.24,11.440000000000005,0.7736637295677014,-0.480554481793231,Terindikasi Deforestasi
59,2023,1709,Bengkulu Tengah,Bengkulu,41.79,-2.450000000000003,0.7736822701217733,-0.480554481793231,Terindikasi Deforestasi
60,2024,1709,Bengkulu Tengah,Bengkulu,45.78,3.990000000000002,0.8077778133180493,-0.480554481793231,Terindikasi Deforestasi
56,2020,1771,Kota Bengkulu,Bengkulu,4.36,,0.6216010712557404,-0.8137677532880372,Terindikasi Deforestasi
57,2021,1771,Kota Bengkulu,Bengkulu,4.37,0.009999999999999787,0.6015474572915266,-0.8137677532880372,Terindikasi Deforestasi
58,2022,1771,Kota Bengkulu,Bengkulu,5.6,1.2299999999999995,0.5722996502747157,-0.8137677532880372,Terindikasi Deforestasi
59,2023,1771,Kota Bengkulu,Bengkulu,5.5,-0.09999999999999964,0.5719594347476286,-0.8137677532880372,Terindikasi Deforestasi
60,2024,1771,Kota Bengkulu,Bengkulu,6.04,0.54,0.5849282462075056,-0.8137677532880372,Terindikasi Deforestasi
56,2020,1801,Lampung Barat,Lampung,6.2,,0.6887070441030991,-0.5975637709046827,Terindikasi Deforestasi
57,2021,1801,Lampung Barat,Lampung,6.13,-0.07000000000000028,0.7222710749029133,-0.5975637709046827,Terindikasi Deforestasi
58,2022,1801,Lampung Barat,Lampung,6.54,0.41000000000000014,0.6902350907684709,-0.5975637709046827,Terindikasi Deforestasi
59,2023,1801,Lampung Barat,Lampung,6.17,-0.3700000000000001,0.7155313807007702,-0.5975637709046827,Terindikasi Deforestasi
60,2024,1801,Lampung Barat,Lampung,6.28,0.11000000000000032,0.7155231594731002,-0.5975637709046827,Terindikasi Deforestasi
56,2020,1802,Tanggamus,Lampung,9.9,,0.7052886845348478,-0.6144912533917467,Terindikasi Deforestasi
57,2021,1802,Tanggamus,Lampung,9.9,0.0,0.7319392765792208,-0.6144912533917467,Terindikasi Deforestasi
58,2022,1802,Tanggamus,Lampung,10.35,0.4499999999999993,0.7064051632420878,-0.6144912533917467,Terindikasi Deforestasi
59,2023,1802,Tanggamus,Lampung,10.76,0.41000000000000014,0.707184508646128,-0.6144912533917467,Terindikasi Deforestasi
60,2024,1802,Tanggamus,Lampung,9.74,-1.0199999999999996,0.7274256992266589,-0.6144912533917467,Terindikasi Deforestasi
56,2020,1803,Lampung Selatan,Lampung,17.74,,0.5876040998981236,-0.3654956309594649,Terindikasi Deforestasi
57,2021,1803,Lampung Selatan,Lampung,17.11,-0.629999999999999,0.6072187177570273,-0.3654956309594649,Terindikasi Deforestasi
58,2022,1803,Lampung Selatan,Lampung,17.43,0.3200000000000003,0.5977839728288427,-0.3654956309594649,Terindikasi Deforestasi
59,2023,1803,Lampung Selatan,Lampung,16.44,-0.9899999999999984,0.595430194292403,-0.3654956309594649,Terindikasi Deforestasi
60,2024,1803,Lampung Selatan,Lampung,16.34,-0.10000000000000142,0.5995568284835625,-0.3654956309594649,Terindikasi Deforestasi
56,2020,1804,Lampung Timur,Lampung,19.47,,0.5980318517392871,-0.11846995062927322,Terindikasi Deforestasi
57,2021,1804,Lampung Timur,Lampung,18.82,-0.6499999999999986,0.5882687815343268,-0.11846995062927322,Terindikasi Deforestasi
58,2022,1804,Lampung Timur,Lampung,18.53,-0.28999999999999915,0.6080529704023103,-0.11846995062927322,Terindikasi Deforestasi
59,2023,1804,Lampung Timur,Lampung,19.32,0.7899999999999991,0.6015565144621158,-0.11846995062927322,Terindikasi Deforestasi
60,2024,1804,Lampung Timur,Lampung,19.08,-0.240000000000002,0.6100240036965001,-0.11846995062927322,Terindikasi Deforestasi
56,2020,1805,Lampung Tengah,Lampung,24.27,,0.6014937420578301,-0.05299699342485106,Terindikasi Deforestasi
57,2021,1805,Lampung Tengah,Lampung,23.5,-0.7699999999999996,0.6029924833974166,-0.05299699342485106,Terindikasi Deforestasi
58,2022,1805,Lampung Tengah,Lampung,23.94,0.4400000000000013,0.631820712891709,-0.05299699342485106,Terindikasi Deforestasi
59,2023,1805,Lampung Tengah,Lampung,24.09,0.14999999999999858,0.5954237317602937,-0.05299699342485106,Terindikasi Deforestasi
60,2024,1805,Lampung Tengah,Lampung,23.01,-1.0799999999999983,0.6075182025422317,-0.05299699342485106,Terindikasi Deforestasi
56,2020,1806,Lampung Utara,Lampung,14.06,,0.6752205685041142,0.02649999666410839,Tidak Deforestasi
57,2021,1806,Lampung Utara,Lampung,13.9,-0.16000000000000014,0.6740360221708911,0.02649999666410839,Tidak Deforestasi
58,2022,1806,Lampung Utara,Lampung,14.9,1.0,0.7003285341805658,0.02649999666410839,Tidak Deforestasi
59,2023,1806,Lampung Utara,Lampung,15.02,0.11999999999999922,0.6678152800936994,0.02649999666410839,Tidak Deforestasi
60,2024,1806,Lampung Utara,Lampung,14.87,-0.15000000000000036,0.6589197108618572,0.02649999666410839,Tidak Deforestasi
56,2020,1807,Way Kanan,Lampung,19.33,,0.6867354414882181,0.08629592649230092,Tidak Deforestasi
57,2021,1807,Way Kanan,Lampung,19.31,-0.019999999999999574,0.700521055434673,0.08629592649230092,Tidak Deforestasi
58,2022,1807,Way Kanan,Lampung,18.95,-0.35999999999999943,0.7234481056720152,0.08629592649230092,Tidak Deforestasi
59,2023,1807,Way Kanan,Lampung,18.9,-0.05000000000000071,0.6966012999626506,0.08629592649230092,Tidak Deforestasi
60,2024,1807,Way Kanan,Lampung,17.45,-1.4499999999999993,0.6946223348147994,0.08629592649230092,Tidak Deforestasi
56,2020,1808,Tulang Bawang,Lampung,20.44,,0.5688393749705009,0.4681285533603818,Tidak Deforestasi
57,2021,1808,Tulang Bawang,Lampung,19.76,-0.6799999999999997,0.5545935829841891,0.4681285533603818,Tidak Deforestasi
58,2022,1808,Tulang Bawang,Lampung,20.92,1.1600000000000001,0.5976362326499725,0.4681285533603818,Tidak Deforestasi
59,2023,1808,Tulang Bawang,Lampung,20.83,-0.09000000000000341,0.5563145416023936,0.4681285533603818,Tidak Deforestasi
60,2024,1808,Tulang Bawang,Lampung,21.15,0.3200000000000003,0.5675894814879088,0.4681285533603818,Tidak Deforestasi
56,2020,1809,Pesawaran,Lampung,11.35,,0.647431653602408,-0.34085789516987314,Terindikasi Deforestasi
57,2021,1809,Pesawaran,Lampung,10.94,-0.41000000000000014,0.6800910052322813,-0.34085789516987314,Terindikasi Deforestasi
58,2022,1809,Pesawaran,Lampung,11.62,0.6799999999999997,0.6720701633844489,-0.34085789516987314,Terindikasi Deforestasi
59,2023,1809,Pesawaran,Lampung,11.38,-0.23999999999999844,0.6777657749476759,-0.34085789516987314,Terindikasi Deforestasi
60,2024,1809,Pesawaran,Lampung,11.07,-0.3100000000000005,0.6767646682786904,-0.34085789516987314,Terindikasi Deforestasi
56,2020,1810,Pringsewu,Lampung,8.62,,0.6411566012942805,0.5394545523076467,Tidak Deforestasi
57,2021,1810,Pringsewu,Lampung,8.6,-0.019999999999999574,0.6542338929323023,0.5394545523076467,Tidak Deforestasi
58,2022,1810,Pringsewu,Lampung,8.81,0.21000000000000085,0.6486982070165813,0.5394545523076467,Tidak Deforestasi
59,2023,1810,Pringsewu,Lampung,8.77,-0.040000000000000924,0.6494072835380441,0.5394545523076467,Tidak Deforestasi
60,2024,1810,Pringsewu,Lampung,8.5,-0.2699999999999996,0.6371747940420713,0.5394545523076467,Tidak Deforestasi
56,2020,1811,Mesuji,Lampung,19.94,,0.6212775756718061,-0.4002754654157444,Terindikasi Deforestasi
57,2021,1811,Mesuji,Lampung,19.58,-0.360000000000003,0.6314811380037024,-0.4002754654157444,Terindikasi Deforestasi
58,2022,1811,Mesuji,Lampung,20.21,0.6300000000000026,0.6529520342975933,-0.4002754654157444,Terindikasi Deforestasi
59,2023,1811,Mesuji,Lampung,20.2,-0.010000000000001563,0.6220486376701739,-0.4002754654157444,Terindikasi Deforestasi
60,2024,1811,Mesuji,Lampung,18.37,-1.8299999999999983,0.6485033318758264,-0.4002754654157444,Terindikasi Deforestasi
56,2020,1812,Tulang Bawang Barat,Lampung,16.3,,0.6230186407945488,0.8680096113526053,Tidak Deforestasi
57,2021,1812,Tulang Bawang Barat,Lampung,16.27,-0.030000000000001137,0.632009797611031,0.8680096113526053,Tidak Deforestasi
58,2022,1812,Tulang Bawang Barat,Lampung,17.17,0.9000000000000021,0.65499211102963,0.8680096113526053,Tidak Deforestasi
59,2023,1812,Tulang Bawang Barat,Lampung,16.26,-0.9100000000000001,0.6178305951384868,0.8680096113526053,Tidak Deforestasi
60,2024,1812,Tulang Bawang Barat,Lampung,16.88,0.6199999999999974,0.6329478100187087,0.8680096113526053,Tidak Deforestasi
56,2020,1813,Pesisir Barat,Lampung,7.2,,0.7679114564743281,-0.6435563198326669,Terindikasi Deforestasi
57,2021,1813,Pesisir Barat,Lampung,6.99,-0.20999999999999996,0.7963320225184526,-0.6435563198326669,Terindikasi Deforestasi
58,2022,1813,Pesisir Barat,Lampung,7.25,0.2599999999999998,0.7432186025489036,-0.6435563198326669,Terindikasi Deforestasi
59,2023,1813,Pesisir Barat,Lampung,7.36,0.11000000000000032,0.7622393383192226,-0.6435563198326669,Terindikasi Deforestasi
60,2024,1813,Pesisir Barat,Lampung,6.8,-0.5600000000000005,0.7772264320583232,-0.6435563198326669,Terindikasi Deforestasi
56,2020,1871,Kota Bandar Lampung,Lampung,1.01,,0.4805025353465735,0.48122105015821603,Tidak Deforestasi
57,2021,1871,Kota Bandar Lampung,Lampung,0.98,-0.030000000000000027,0.5034556282074487,0.48122105015821603,Tidak Deforestasi
58,2022,1871,Kota Bandar Lampung,Lampung,1.11,0.13000000000000012,0.5020454765172123,0.48122105015821603,Tidak Deforestasi
59,2023,1871,Kota Bandar Lampung,Lampung,1.09,-0.020000000000000018,0.5101631647111988,0.48122105015821603,Tidak Deforestasi
60,2024,1871,Kota Bandar Lampung,Lampung,1.02,-0.07000000000000006,0.48850649314504957,0.48122105015821603,Tidak Deforestasi
56,2020,1872,Kota Metro,Lampung,0.81,,0.49894271462367024,0.7184351452997193,Tidak Deforestasi
57,2021,1872,Kota Metro,Lampung,0.81,0.0,0.49261448305370165,0.7184351452997193,Tidak Deforestasi
58,2022,1872,Kota Metro,Lampung,0.87,0.05999999999999994,0.506060187060746,0.7184351452997193,Tidak Deforestasi
59,2023,1872,Kota Metro,Lampung,0.87,0.0,0.5161381311854403,0.7184351452997193,Tidak Deforestasi
60,2024,1872,Kota Metro,Lampung,0.8,-0.06999999999999995,0.5046944869431517,0.7184351452997193,Tidak Deforestasi
56,2020,1901,Bangka,Kepulauan Bangka Belitung,37.49,,0.619144658774761,0.11293746759047657,Tidak Deforestasi
57,2021,1901,Bangka,Kepulauan Bangka Belitung,37.34,-0.14999999999999858,0.6202036586404693,0.11293746759047657,Tidak Deforestasi
58,2022,1901,Bangka,Kepulauan Bangka Belitung,40.38,3.039999999999999,0.5845971456458313,0.11293746759047657,Tidak Deforestasi
59,2023,1901,Bangka,Kepulauan Bangka Belitung,42.46,2.0799999999999983,0.632387397552588,0.11293746759047657,Tidak Deforestasi
60,2024,1901,Bangka,Kepulauan Bangka Belitung,40.16,-2.3000000000000043,0.6413944255250488,0.11293746759047657,Tidak Deforestasi
56,2020,1902,Belitung,Kepulauan Bangka Belitung,32.18,,0.6537778142385218,-0.40969788549882347,Terindikasi Deforestasi
57,2021,1902,Belitung,Kepulauan Bangka Belitung,31.96,-0.21999999999999886,0.6805853623830607,-0.40969788549882347,Terindikasi Deforestasi
58,2022,1902,Belitung,Kepulauan Bangka Belitung,33.45,1.490000000000002,0.6531947604197623,-0.40969788549882347,Terindikasi Deforestasi
59,2023,1902,Belitung,Kepulauan Bangka Belitung,34.53,1.0799999999999983,0.6652969655253058,-0.40969788549882347,Terindikasi Deforestasi
60,2024,1902,Belitung,Kepulauan Bangka Belitung,35.13,0.6000000000000014,0.6539478195726454,-0.40969788549882347,Terindikasi Deforestasi
56,2020,1903,Bangka Barat,Kepulauan Bangka Belitung,46.81,,0.6418507883268124,0.5299816477609229,Tidak Deforestasi
57,2021,1903,Bangka Barat,Kepulauan Bangka Belitung,47.02,0.21000000000000085,0.6438222381624918,0.5299816477609229,Tidak Deforestasi
58,2022,1903,Bangka Barat,Kepulauan Bangka Belitung,47.14,0.11999999999999744,0.6175204451744233,0.5299816477609229,Tidak Deforestasi
59,2023,1903,Bangka Barat,Kepulauan Bangka Belitung,47.31,0.1700000000000017,0.6439509912879747,0.5299816477609229,Tidak Deforestasi
60,2024,1903,Bangka Barat,Kepulauan Bangka Belitung,49.51,2.1999999999999957,0.6536184476012021,0.5299816477609229,Tidak Deforestasi
56,2020,1904,Bangka Tengah,Kepulauan Bangka Belitung,39.42,,0.6306254643366244,0.2780092729665825,Tidak Deforestasi
57,2021,1904,Bangka Tengah,Kepulauan Bangka Belitung,38.65,-0.7700000000000031,0.6103519850523028,0.2780092729665825,Tidak Deforestasi
58,2022,1904,Bangka Tengah,Kepulauan Bangka Belitung,42.3,3.6499999999999986,0.5978706780086886,0.2780092729665825,Tidak Deforestasi
59,2023,1904,Bangka Tengah,Kepulauan Bangka Belitung,45.28,2.980000000000004,0.6265786144045598,0.2780092729665825,Tidak Deforestasi
60,2024,1904,Bangka Tengah,Kepulauan Bangka Belitung,46.9,1.6199999999999974,0.6263553075482788,0.2780092729665825,Tidak Deforestasi
56,2020,1905,Bangka Selatan,Kepulauan Bangka Belitung,44.9,,0.6586963655504767,-0.4540082538603287,Terindikasi Deforestasi
57,2021,1905,Bangka Selatan,Kepulauan Bangka Belitung,44.81,-0.0899999999999963,0.6388443567818589,-0.4540082538603287,Terindikasi Deforestasi
58,2022,1905,Bangka Selatan,Kepulauan Bangka Belitung,46.75,1.9399999999999977,0.622271772227269,-0.4540082538603287,Terindikasi Deforestasi
59,2023,1905,Bangka Selatan,Kepulauan Bangka Belitung,44.78,-1.9699999999999989,0.6396606552587933,-0.4540082538603287,Terindikasi Deforestasi
60,2024,1905,Bangka Selatan,Kepulauan Bangka Belitung,49.95,5.170000000000002,0.6342334084861901,-0.4540082538603287,Terindikasi Deforestasi
56,2020,1906,Belitung Timur,Kepulauan Bangka Belitung,35.86,,0.6189110877500543,-0.3011387952910171,Terindikasi Deforestasi
57,2021,1906,Belitung Timur,Kepulauan Bangka Belitung,36.1,0.240000000000002,0.6341223143783495,-0.3011387952910171,Terindikasi Deforestasi
58,2022,1906,Belitung Timur,Kepulauan Bangka Belitung,37.29,1.1899999999999977,0.613755727882255,-0.3011387952910171,Terindikasi Deforestasi
59,2023,1906,Belitung Timur,Kepulauan Bangka Belitung,38.54,1.25,0.6317325357257014,-0.3011387952910171,Terindikasi Deforestasi
60,2024,1906,Belitung Timur,Kepulauan Bangka Belitung,40.48,1.9399999999999977,0.6147871503158762,-0.3011387952910171,Terindikasi Deforestasi
56,2020,1971,Kota Pangkal Pinang,Kepulauan Bangka Belitung,2.74,,0.48834223408018707,0.1649107240962565,Tidak Deforestasi
57,2021,1971,Kota Pangkal Pinang,Kepulauan Bangka Belitung,2.72,-0.020000000000000018,0.48044812700590406,0.1649107240962565,Tidak Deforestasi
58,2022,1971,Kota Pangkal Pinang,Kepulauan Bangka Belitung,2.89,0.16999999999999993,0.45202705612290034,0.1649107240962565,Tidak Deforestasi
59,2023,1971,Kota Pangkal Pinang,Kepulauan Bangka Belitung,2.82,-0.07000000000000028,0.47670881806305104,0.1649107240962565,Tidak Deforestasi
60,2024,1971,Kota Pangkal Pinang,Kepulauan Bangka Belitung,3.12,0.30000000000000027,0.49344143438708954,0.1649107240962565,Tidak Deforestasi
56,2020,2101,Karimun,Kepulauan Riau,1.46,,0.6022499359902147,0.18147967582538482,Tidak Deforestasi
57,2021,2101,Karimun,Kepulauan Riau,1.45,-0.010000000000000009,0.6176431261351365,0.18147967582538482,Tidak Deforestasi
58,2022,2101,Karimun,Kepulauan Riau,1.46,0.010000000000000009,0.5988557885804697,0.18147967582538482,Tidak Deforestasi
59,2023,2101,Karimun,Kepulauan Riau,1.52,0.06000000000000005,0.6028472721685972,0.18147967582538482,Tidak Deforestasi
60,2024,2101,Karimun,Kepulauan Riau,1.43,-0.09000000000000008,0.5901640398430706,0.18147967582538482,Tidak Deforestasi
56,2020,2102,Bintan,Kepulauan Riau,1.2,,0.572724461340379,-0.2952218030168353,Terindikasi Deforestasi
57,2021,2102,Bintan,Kepulauan Riau,1.21,0.010000000000000009,0.5950475197186516,-0.2952218030168353,Terindikasi Deforestasi
58,2022,2102,Bintan,Kepulauan Riau,1.33,0.1200000000000001,0.5842720439697332,-0.2952218030168353,Terindikasi Deforestasi
59,2023,2102,Bintan,Kepulauan Riau,1.26,-0.07000000000000006,0.5945054229035612,-0.2952218030168353,Terindikasi Deforestasi
60,2024,2102,Bintan,Kepulauan Riau,1.18,-0.08000000000000007,0.6077424321029722,-0.2952218030168353,Terindikasi Deforestasi
56,2020,2103,Natuna,Kepulauan Riau,0.99,,0.6582462469847427,0.07600485840668884,Tidak Deforestasi
57,2021,2103,Natuna,Kepulauan Riau,1.0,0.010000000000000009,0.6436447467251145,0.07600485840668884,Tidak Deforestasi
58,2022,2103,Natuna,Kepulauan Riau,1.07,0.07000000000000006,0.6503870575972732,0.07600485840668884,Tidak Deforestasi
59,2023,2103,Natuna,Kepulauan Riau,1.02,-0.050000000000000044,0.6556607296571888,0.07600485840668884,Tidak Deforestasi
60,2024,2103,Natuna,Kepulauan Riau,0.99,-0.030000000000000027,0.6450594002522103,0.07600485840668884,Tidak Deforestasi
56,2020,2104,Lingga,Kepulauan Riau,1.24,,0.6311756613425745,-0.835167624087607,Terindikasi Deforestasi
57,2021,2104,Lingga,Kepulauan Riau,1.22,-0.020000000000000018,0.6375957433444485,-0.835167624087607,Terindikasi Deforestasi
58,2022,2104,Lingga,Kepulauan Riau,1.32,0.10000000000000009,0.622584897371997,-0.835167624087607,Terindikasi Deforestasi
59,2023,2104,Lingga,Kepulauan Riau,1.35,0.030000000000000027,0.623355743174557,-0.835167624087607,Terindikasi Deforestasi
60,2024,2104,Lingga,Kepulauan Riau,1.15,-0.20000000000000018,0.6332479203347475,-0.835167624087607,Terindikasi Deforestasi
56,2020,2105,Kepulauan Anambas,Kepulauan Riau,0.64,,0.6204340085015316,0.9163806299607935,Tidak Deforestasi
57,2021,2105,Kepulauan Anambas,Kepulauan Riau,0.64,0.0,0.6271864889993509,0.9163806299607935,Tidak Deforestasi
58,2022,2105,Kepulauan Anambas,Kepulauan Riau,0.65,0.010000000000000009,0.6405055824609264,0.9163806299607935,Tidak Deforestasi
59,2023,2105,Kepulauan Anambas,Kepulauan Riau,0.65,0.0,0.6399418242547019,0.9163806299607935,Tidak Deforestasi
60,2024,2105,Kepulauan Anambas,Kepulauan Riau,0.6,-0.050000000000000044,0.6063788559383897,0.9163806299607935,Tidak Deforestasi
56,2020,2171,Kota Batam,Kepulauan Riau,1.25,,0.5103530274581132,0.6310380740949241,Tidak Deforestasi
57,2021,2171,Kota Batam,Kepulauan Riau,1.25,0.0,0.5275851718565066,0.6310380740949241,Tidak Deforestasi
58,2022,2171,Kota Batam,Kepulauan Riau,1.22,-0.030000000000000027,0.4968851370428685,0.6310380740949241,Tidak Deforestasi
59,2023,2171,Kota Batam,Kepulauan Riau,1.27,0.050000000000000044,0.5139797465349127,0.6310380740949241,Tidak Deforestasi
60,2024,2171,Kota Batam,Kepulauan Riau,1.25,-0.020000000000000018,0.5115256814472755,0.6310380740949241,Tidak Deforestasi
56,2020,2172,Kota Tanjung Pinang,Kepulauan Riau,0.63,,0.44439326068777124,-0.07597861984784408,Terindikasi Deforestasi
57,2021,2172,Kota Tanjung Pinang,Kepulauan Riau,0.63,0.0,0.45106610055137164,-0.07597861984784408,Terindikasi Deforestasi
58,2022,2172,Kota Tanjung Pinang,Kepulauan Riau,0.65,0.020000000000000018,0.46720443805518413,-0.07597861984784408,Terindikasi Deforestasi
59,2023,2172,Kota Tanjung Pinang,Kepulauan Riau,0.66,0.010000000000000009,0.47342211013370494,-0.07597861984784408,Terindikasi Deforestasi
60,2024,2172,Kota Tanjung Pinang,Kepulauan Riau,0.6,-0.06000000000000005,0.4796123573504708,-0.07597861984784408,Terindikasi Deforestasi
